VideoCompletes,SocialLikes,SocialShares,CTR,conversion,AudienceType,AdDigitalChannel
547484.0,14.0,0.0,0.2532315559552353,94,Audience Type 2,Programmatic Display
589491.0,14.0,0.0,0.2624207451444245,84,Audience Type 2,Programmatic Display
623798.0,14.0,0.0,0.2574133990166133,134,Audience Type 2,Programmatic Display
659708.0,14.0,0.0,0.25425764028025605,57,Audience Type 2,Programmatic Display
697957.0,14.0,0.0,0.251309360489871,142,Audience Type 2,Programmatic Display
740496.0,16.0,0.0,0.24534151237983395,70,Audience Type 2,Programmatic Display
778043.0,16.0,0.0,0.23973493260459872,39,Audience Type 2,Programmatic Display
787796.0,16.0,0.0,0.23542834090334547,37,Audience Type 2,Programmatic Display
798585.0,16.0,0.0,0.2330627385540389,66,Audience Type 2,Programmatic Display
812794.0,16.0,0.0,0.23039956803319023,45,Audience Type 2,Programmatic Display
820168.0,16.0,0.0,0.22784397292932615,61,Audience Type 2,Programmatic Display
833137.0,16.0,0.0,0.22723264997362644,55,Audience Type 2,Programmatic Display
829023.0,20.0,0.0,0.22954511760878898,34,Audience Type 2,Programmatic Display
829816.0,20.0,0.0,0.23136917105374458,157,Audience Type 2,Programmatic Display
805380.0,20.0,0.0,0.23544068320267716,41,Audience Type 2,Programmatic Display
790046.0,20.0,0.0,0.23274578905066956,21,Audience Type 2,Programmatic Display
798945.0,20.0,0.0,0.22958522620471428,14,Audience Type 2,Programmatic Display
809816.0,21.0,0.0,0.2253217904974731,26,Audience Type 2,Programmatic Display
793812.0,25.0,0.0,0.22189034533084656,13,Audience Type 2,Programmatic Display
799213.0,17.0,0.0,0.21931435366572255,0,Audience Type 2,Programmatic Display
792660.0,15.0,0.0,0.21586036726038457,13,Audience Type 2,Programmatic Display
761944.0,15.0,0.0,0.21463730545343548,1,Audience Type 2,Programmatic Display
780307.0,13.0,0.0,0.21216427422765857,7,Audience Type 2,Programmatic Display
790424.0,13.0,0.0,0.20848541617951308,11,Audience Type 2,Programmatic Display
794121.0,13.0,0.0,0.20442852460487987,3,Audience Type 2,Programmatic Display
791042.0,15.0,0.0,0.20059662567816908,3,Audience Type 2,Programmatic Display
803674.0,15.0,0.0,0.19829271151408406,38,Audience Type 2,Programmatic Display
812221.0,15.0,0.0,0.19545015853801248,10,Audience Type 2,Programmatic Display
802922.0,15.0,0.0,0.19256108404974767,6,Audience Type 2,Programmatic Display
823143.0,14.0,0.0,0.19030748984052961,7,Audience Type 2,Programmatic Display
848813.0,14.0,0.0,0.185440378148451,17,Audience Type 2,Programmatic Display
854640.0,14.0,0.0,0.17966166398971242,29,Audience Type 2,Programmatic Display
859034.0,14.0,0.0,0.17452538506161785,9,Audience Type 2,Programmatic Display
875924.0,14.0,0.0,0.1701938836061286,32,Audience Type 2,Programmatic Display
875328.0,16.0,0.0,0.16564004813845218,59,Audience Type 2,Programmatic Display
920286.0,14.0,0.0,0.162359622551063,39,Audience Type 2,Programmatic Display
953940.0,14.0,0.0,0.1599165837190997,26,Audience Type 2,Programmatic Display
984805.0,14.0,0.0,0.1544669474181572,19,Audience Type 2,Programmatic Display
972212.0,14.0,0.0,0.1530172947781682,10,Audience Type 2,Programmatic Display
956420.0,14.0,0.0,0.1529840275014103,2,Audience Type 2,Programmatic Display
944782.0,14.0,0.0,0.15410171316716328,0,Audience Type 2,Programmatic Display
931382.0,16.0,0.0,0.15415453035468868,10,Audience Type 2,Programmatic Display
919332.0,12.0,0.0,0.1517487380855137,1,Audience Type 2,Programmatic Display
982187.0,13.0,0.0,0.14911008124251296,30,Audience Type 2,Programmatic Display
1048078.0,14.0,0.0,0.1445060129168862,46,Audience Type 2,Programmatic Display
1107371.0,14.0,0.0,0.14672978362902628,104,Audience Type 2,Programmatic Display
1168874.0,17.0,0.0,0.14868274943844434,43,Audience Type 2,Programmatic Display
1204147.0,16.0,0.0,0.15054479573507204,19,Audience Type 2,Programmatic Display
1274156.0,12.0,0.0,0.15192143184185863,29,Audience Type 2,Programmatic Display
1308459.0,11.0,0.0,0.15127477270511494,23,Audience Type 2,Programmatic Display
1334541.0,11.0,0.0,0.15207153267407725,36,Audience Type 2,Programmatic Display
1395230.0,11.0,0.0,0.15240495223159858,42,Audience Type 2,Programmatic Display
1432947.0,11.0,0.0,0.15405573223013483,9,Audience Type 2,Programmatic Display
1453473.0,11.0,0.0,0.15598244461584967,104,Audience Type 2,Programmatic Display
1462003.0,12.0,0.0,0.15791876070360958,14,Audience Type 2,Programmatic Display
1469622.0,11.0,0.0,0.1605390551076538,63,Audience Type 2,Programmatic Display
1494924.0,11.0,0.0,0.16117037218015215,48,Audience Type 2,Programmatic Display
1517688.0,16.0,0.0,0.16207894064645767,21,Audience Type 2,Programmatic Display
1544467.0,17.0,0.0,0.16445841866947936,33,Audience Type 2,Programmatic Display
1501618.0,17.0,0.0,0.16995971905052937,2,Audience Type 2,Programmatic Display
1440257.0,17.0,0.0,0.17595517304342362,0,Audience Type 2,Programmatic Display
1392423.0,17.0,0.0,0.18428994201628152,0,Audience Type 2,Programmatic Display
1350316.0,17.0,0.0,0.19106849620159766,0,Audience Type 2,Programmatic Display
1300988.0,17.0,0.0,0.19643061467008816,0,Audience Type 2,Programmatic Display
1260001.0,15.0,0.0,0.20157759967828257,0,Audience Type 2,Programmatic Display
1167363.0,24.0,0.0,0.20805935568870465,4,Audience Type 2,Programmatic Display
1094869.0,24.0,0.0,0.21369120599538097,2,Audience Type 2,Programmatic Display
1050229.0,24.0,0.0,0.21979447690843448,0,Audience Type 2,Programmatic Display
1050229.0,24.0,0.0,0.22219928888257826,4,Audience Type 2,Programmatic Display
1050426.0,24.0,0.0,0.22326382886778742,10,Audience Type 2,Programmatic Display
1059797.0,24.0,0.0,0.22299660047266287,1,Audience Type 2,Programmatic Display
1059458.0,22.0,0.0,0.22302766739969995,0,Audience Type 2,Programmatic Display
1059458.0,22.0,0.0,0.22765574060725985,0,Audience Type 2,Programmatic Display
990148.0,21.0,0.0,0.23368234906251126,0,Audience Type 2,Programmatic Display
923849.0,20.0,0.0,0.2401466582869734,0,Audience Type 2,Programmatic Display
852032.0,20.0,0.0,0.2469851760854273,0,Audience Type 2,Programmatic Display
774644.0,17.0,0.0,0.2532645618229535,0,Audience Type 2,Programmatic Display
723912.0,17.0,0.0,0.259770407777225,0,Audience Type 2,Programmatic Display
634907.0,17.0,0.0,0.2650948414002187,21,Audience Type 2,Programmatic Display
617167.0,17.0,0.0,0.2673918892380168,9,Audience Type 2,Programmatic Display
632350.0,17.0,0.0,0.2688902044310797,25,Audience Type 2,Programmatic Display
656038.0,17.0,0.0,0.27075327209377814,27,Audience Type 2,Programmatic Display
652224.0,17.0,0.0,0.27208880226334065,44,Audience Type 2,Programmatic Display
668845.0,17.0,0.0,0.2722537929037133,25,Audience Type 2,Programmatic Display
721376.0,18.0,0.0,0.2727472047396788,22,Audience Type 2,Programmatic Display
732763.0,17.0,0.0,0.2727302791005836,17,Audience Type 2,Programmatic Display
737887.0,17.0,0.0,0.27380163950409414,23,Audience Type 2,Programmatic Display
744361.0,13.0,0.0,0.27436100114898193,46,Audience Type 2,Programmatic Display
738887.0,15.0,0.0,0.2754884592941444,36,Audience Type 2,Programmatic Display
803209.0,15.0,0.0,0.2730239158816493,23,Audience Type 2,Programmatic Display
871149.0,15.0,0.0,0.2693688995336139,94,Audience Type 2,Programmatic Display
968310.0,15.0,0.0,0.2642637087571849,27,Audience Type 2,Programmatic Display
1040598.0,19.0,0.0,0.2602275556479342,60,Audience Type 2,Programmatic Display
1117403.0,19.0,0.0,0.2569819809322599,17,Audience Type 2,Programmatic Display
1192162.0,19.0,0.0,0.2541660420423894,35,Audience Type 2,Programmatic Display
1285186.0,12.0,0.0,0.25109478231813764,9,Audience Type 2,Programmatic Display
1361678.0,13.0,0.0,0.24884486145710563,48,Audience Type 2,Programmatic Display
1432070.0,13.0,0.0,0.24608087825833985,37,Audience Type 2,Programmatic Display
1497585.0,13.0,0.0,0.2423784257382558,84,Audience Type 2,Programmatic Display
1577738.0,19.0,0.0,0.23852276814469803,12,Audience Type 2,Programmatic Display
1654252.0,22.0,0.0,0.2343942661458845,44,Audience Type 2,Programmatic Display
1737883.0,23.0,1.0,0.23062788091957565,18,Audience Type 2,Programmatic Display
1812702.0,23.0,1.0,0.22719680783956633,12,Audience Type 2,Programmatic Display
1896789.0,28.0,1.0,0.22355822754435956,14,Audience Type 2,Programmatic Display
1984851.0,28.0,1.0,0.2184238886842033,60,Audience Type 2,Programmatic Display
2062018.0,30.0,1.0,0.21283330346113166,52,Audience Type 2,Programmatic Display
2116105.0,33.0,1.0,0.20655683301858857,26,Audience Type 2,Programmatic Display
2186197.0,34.0,1.0,0.19937514522006966,41,Audience Type 2,Programmatic Display
2257533.0,39.0,1.0,0.19297534804392208,25,Audience Type 2,Programmatic Display
2237726.0,41.0,1.0,0.19087042735302123,27,Audience Type 2,Programmatic Display
2195769.0,44.0,1.0,0.18901855666828293,15,Audience Type 2,Programmatic Display
2162878.0,45.0,1.0,0.18666592267070597,59,Audience Type 2,Programmatic Display
2138573.0,45.0,1.0,0.1847696296756291,169,Audience Type 2,Programmatic Display
2099452.0,48.0,1.0,0.1861240919527537,30,Audience Type 2,Programmatic Display
2042466.0,46.0,1.0,0.18712931143585637,28,Audience Type 2,Programmatic Display
2031624.0,46.0,1.0,0.18749948049177872,15,Audience Type 2,Programmatic Display
1987533.0,49.0,1.0,0.18691935681459743,10,Audience Type 2,Programmatic Display
1944075.0,48.0,1.0,0.1864383864759692,12,Audience Type 2,Programmatic Display
1920522.0,45.0,1.0,0.18556268535968726,15,Audience Type 2,Programmatic Display
1901863.0,45.0,1.0,0.1844263775745671,18,Audience Type 2,Programmatic Display
1891640.0,50.0,1.0,0.1841886702513595,49,Audience Type 2,Programmatic Display
1844519.0,50.0,1.0,0.18392441690813316,67,Audience Type 2,Programmatic Display
917042.0,36.0,5.0,0.22144182135508633,366,Audience Type 4,Programmatic Display
947170.0,36.0,5.0,0.23063582702539817,155,Audience Type 4,Programmatic Display
985555.0,36.0,5.0,0.23263481231205468,133,Audience Type 4,Programmatic Display
1015543.0,36.0,5.0,0.23039956803319023,173,Audience Type 4,Programmatic Display
1039566.0,36.0,5.0,0.22784397292932615,219,Audience Type 4,Programmatic Display
1067153.0,36.0,5.0,0.22723264997362644,217,Audience Type 4,Programmatic Display
1067278.0,36.0,5.0,0.22954511760878898,276,Audience Type 4,Programmatic Display
1059041.0,36.0,5.0,0.23136917105374458,276,Audience Type 4,Programmatic Display
1049949.0,32.0,4.0,0.23544068320267716,100,Audience Type 4,Programmatic Display
1069835.0,28.0,4.0,0.23274578905066956,113,Audience Type 4,Programmatic Display
1057156.0,27.0,4.0,0.22958522620471428,115,Audience Type 4,Programmatic Display
1063440.0,33.0,1.0,0.2253217904974731,43,Audience Type 4,Programmatic Display
1065804.0,34.0,1.0,0.22189034533084656,85,Audience Type 4,Programmatic Display
1142227.0,36.0,1.0,0.21931435366572255,43,Audience Type 4,Programmatic Display
1205054.0,41.0,1.0,0.21586036726038457,44,Audience Type 4,Programmatic Display
1254009.0,44.0,1.0,0.21463730545343548,16,Audience Type 4,Programmatic Display
1246183.0,40.0,1.0,0.21216427422765857,85,Audience Type 4,Programmatic Display
1298712.0,39.0,1.0,0.20848541617951308,58,Audience Type 4,Programmatic Display
1335701.0,39.0,1.0,0.20442852460487987,15,Audience Type 4,Programmatic Display
1361288.0,30.0,0.0,0.20059662567816908,51,Audience Type 4,Programmatic Display
1392377.0,32.0,0.0,0.19829271151408406,96,Audience Type 4,Programmatic Display
1455519.0,33.0,0.0,0.19545015853801248,30,Audience Type 4,Programmatic Display
1493444.0,33.0,0.0,0.19256108404974767,29,Audience Type 4,Programmatic Display
1462992.0,38.0,0.0,0.19030748984052961,79,Audience Type 4,Programmatic Display
1546763.0,40.0,0.0,0.185440378148451,51,Audience Type 4,Programmatic Display
1661558.0,41.0,0.0,0.17966166398971242,27,Audience Type 4,Programmatic Display
1751560.0,42.0,0.0,0.17452538506161785,76,Audience Type 4,Programmatic Display
1858748.0,48.0,0.0,0.1701938836061286,83,Audience Type 4,Programmatic Display
1957546.0,50.0,0.0,0.16564004813845218,68,Audience Type 4,Programmatic Display
2094549.0,52.0,0.0,0.162359622551063,64,Audience Type 4,Programmatic Display
2180114.0,55.0,0.0,0.1599165837190997,52,Audience Type 4,Programmatic Display
2273549.0,63.0,0.0,0.1544669474181572,62,Audience Type 4,Programmatic Display
2235771.0,63.0,0.0,0.1530172947781682,0,Audience Type 4,Programmatic Display
2205783.0,63.0,0.0,0.1529840275014103,4,Audience Type 4,Programmatic Display
2183222.0,63.0,0.0,0.15410171316716328,11,Audience Type 4,Programmatic Display
2155731.0,63.0,0.0,0.15415453035468868,0,Audience Type 4,Programmatic Display
2133566.0,63.0,0.0,0.1517487380855137,8,Audience Type 4,Programmatic Display
2123455.0,63.0,0.0,0.14911008124251296,0,Audience Type 4,Programmatic Display
2123037.0,63.0,0.0,0.1445060129168862,2,Audience Type 4,Programmatic Display
2074785.0,63.0,0.0,0.14672978362902628,0,Audience Type 4,Programmatic Display
2060026.0,63.0,0.0,0.14868274943844434,1,Audience Type 4,Programmatic Display
2035735.0,57.0,0.0,0.15054479573507204,0,Audience Type 4,Programmatic Display
2014261.0,53.0,0.0,0.15192143184185863,0,Audience Type 4,Programmatic Display
1906287.0,50.0,0.0,0.15127477270511494,0,Audience Type 4,Programmatic Display
1793028.0,45.0,0.0,0.15207153267407725,0,Audience Type 4,Programmatic Display
1705033.0,41.0,0.0,0.15240495223159858,0,Audience Type 4,Programmatic Display
1620725.0,39.0,0.0,0.15405573223013483,0,Audience Type 4,Programmatic Display
1530087.0,39.0,0.0,0.15598244461584967,5,Audience Type 4,Programmatic Display
1605355.0,39.0,0.0,0.15791876070360958,36,Audience Type 4,Programmatic Display
1687241.0,41.0,0.0,0.1605390551076538,10,Audience Type 4,Programmatic Display
1754751.0,36.0,0.0,0.16117037218015215,14,Audience Type 4,Programmatic Display
1865117.0,35.0,0.0,0.16207894064645767,19,Audience Type 4,Programmatic Display
2004199.0,35.0,0.0,0.16445841866947936,3,Audience Type 4,Programmatic Display
1920487.0,35.0,0.0,0.16995971905052937,0,Audience Type 4,Programmatic Display
1813188.0,33.0,0.0,0.17595517304342362,2,Audience Type 4,Programmatic Display
1673759.0,32.0,0.0,0.18428994201628152,0,Audience Type 4,Programmatic Display
1565833.0,31.0,0.0,0.19106849620159766,0,Audience Type 4,Programmatic Display
1433827.0,25.0,0.0,0.19643061467008816,0,Audience Type 4,Programmatic Display
1307737.0,23.0,0.0,0.20157759967828257,0,Audience Type 4,Programmatic Display
1144635.0,21.0,0.0,0.20805935568870465,0,Audience Type 4,Programmatic Display
994038.0,17.0,0.0,0.21369120599538097,0,Audience Type 4,Programmatic Display
870475.0,9.0,0.0,0.21979447690843448,0,Audience Type 4,Programmatic Display
869868.0,9.0,0.0,0.22219928888257826,0,Audience Type 4,Programmatic Display
869868.0,9.0,0.0,0.22326382886778742,0,Audience Type 4,Programmatic Display
868406.0,9.0,0.0,0.22299660047266287,0,Audience Type 4,Programmatic Display
868310.0,9.0,0.0,0.22302766739969995,0,Audience Type 4,Programmatic Display
868310.0,9.0,0.0,0.22765574060725985,0,Audience Type 4,Programmatic Display
868310.0,9.0,0.0,0.23368234906251126,0,Audience Type 4,Programmatic Display
868300.0,9.0,0.0,0.2401466582869734,0,Audience Type 4,Programmatic Display
868300.0,9.0,0.0,0.2469851760854273,0,Audience Type 4,Programmatic Display
868301.0,9.0,0.0,0.2532645618229535,0,Audience Type 4,Programmatic Display
872317.0,9.0,0.0,0.259770407777225,0,Audience Type 4,Programmatic Display
872546.0,9.0,0.0,0.2650948414002187,0,Audience Type 4,Programmatic Display
1023852.0,9.0,0.0,0.2673918892380168,19,Audience Type 4,Programmatic Display
1194763.0,9.0,0.0,0.2688902044310797,15,Audience Type 4,Programmatic Display
1343793.0,9.0,0.0,0.27075327209377814,17,Audience Type 4,Programmatic Display
1481462.0,9.0,0.0,0.27208880226334065,18,Audience Type 4,Programmatic Display
1652403.0,9.0,0.0,0.2722537929037133,13,Audience Type 4,Programmatic Display
1687616.0,10.0,0.0,0.2727472047396788,27,Audience Type 4,Programmatic Display
1673800.0,8.0,0.0,0.2727302791005836,17,Audience Type 4,Programmatic Display
1703243.0,8.0,0.0,0.27380163950409414,33,Audience Type 4,Programmatic Display
1693708.0,8.0,0.0,0.27436100114898193,22,Audience Type 4,Programmatic Display
1669042.0,8.0,0.0,0.2754884592941444,13,Audience Type 4,Programmatic Display
1832031.0,2.0,0.0,0.2730239158816493,13,Audience Type 4,Programmatic Display
1981933.0,2.0,0.0,0.2693688995336139,14,Audience Type 4,Programmatic Display
2133470.0,5.0,0.0,0.2642637087571849,12,Audience Type 4,Programmatic Display
2285611.0,6.0,0.0,0.2602275556479342,33,Audience Type 4,Programmatic Display
2469608.0,6.0,0.0,0.2569819809322599,69,Audience Type 4,Programmatic Display
2617296.0,6.0,0.0,0.2541660420423894,67,Audience Type 4,Programmatic Display
2762065.0,6.0,0.0,0.25109478231813764,24,Audience Type 4,Programmatic Display
2948307.0,6.0,0.0,0.24884486145710563,15,Audience Type 4,Programmatic Display
3139879.0,6.0,0.0,0.24608087825833985,24,Audience Type 4,Programmatic Display
3311061.0,6.0,0.0,0.2423784257382558,27,Audience Type 4,Programmatic Display
3472870.0,8.0,0.0,0.23852276814469803,23,Audience Type 4,Programmatic Display
3650074.0,8.0,0.0,0.2343942661458845,34,Audience Type 4,Programmatic Display
3797516.0,8.0,0.0,0.23062788091957565,7,Audience Type 4,Programmatic Display
3962089.0,13.0,1.0,0.22719680783956633,22,Audience Type 4,Programmatic Display
4136897.0,15.0,1.0,0.22355822754435956,35,Audience Type 4,Programmatic Display
4319907.0,16.0,1.0,0.2184238886842033,29,Audience Type 4,Programmatic Display
4446378.0,16.0,1.0,0.21283330346113166,28,Audience Type 4,Programmatic Display
4621995.0,17.0,1.0,0.20655683301858857,45,Audience Type 4,Programmatic Display
4743957.0,17.0,1.0,0.19937514522006966,41,Audience Type 4,Programmatic Display
4941053.0,17.0,1.0,0.19297534804392208,28,Audience Type 4,Programmatic Display
4950170.0,18.0,1.0,0.19087042735302123,35,Audience Type 4,Programmatic Display
4962371.0,18.0,1.0,0.18901855666828293,22,Audience Type 4,Programmatic Display
4969829.0,18.0,1.0,0.18666592267070597,22,Audience Type 4,Programmatic Display
4882306.0,18.0,1.0,0.1847696296756291,25,Audience Type 4,Programmatic Display
4749065.0,19.0,1.0,0.1861240919527537,11,Audience Type 4,Programmatic Display
4612547.0,18.0,1.0,0.18712931143585637,27,Audience Type 4,Programmatic Display
4515443.0,17.0,1.0,0.18749948049177872,89,Audience Type 4,Programmatic Display
4403516.0,17.0,1.0,0.18691935681459743,20,Audience Type 4,Programmatic Display
4255515.0,19.0,1.0,0.1864383864759692,14,Audience Type 4,Programmatic Display
4121435.0,19.0,1.0,0.18556268535968726,9,Audience Type 4,Programmatic Display
4004416.0,19.0,1.0,0.1844263775745671,20,Audience Type 4,Programmatic Display
3898164.0,19.0,1.0,0.1841886702513595,3,Audience Type 4,Programmatic Display
3795909.0,16.0,1.0,0.18392441690813316,13,Audience Type 4,Programmatic Display
97747.0,0.0,0.0,0.4916891788397235,4,Audience Type 5,Programmatic Display
95799.0,0.0,0.0,0.4733558455063901,3,Audience Type 5,Programmatic Display
96037.0,0.0,0.0,0.47228057668918577,0,Audience Type 5,Programmatic Display
90498.0,0.0,0.0,0.4536365088925756,2,Audience Type 5,Programmatic Display
85240.0,5.0,2.0,0.45202832175807267,0,Audience Type 5,Programmatic Display
76601.0,5.0,2.0,0.4486384912495981,0,Audience Type 5,Programmatic Display
76168.0,5.0,2.0,0.44708293569404256,0,Audience Type 5,Programmatic Display
75699.0,5.0,2.0,0.4445056161064137,0,Audience Type 5,Programmatic Display
74806.0,5.0,2.0,0.4493887114923025,0,Audience Type 5,Programmatic Display
73262.0,5.0,2.0,0.4490825465793959,0,Audience Type 5,Programmatic Display
71069.0,5.0,2.0,0.4488641326009013,0,Audience Type 5,Programmatic Display
71061.0,5.0,2.0,0.44735570109246975,0,Audience Type 5,Programmatic Display
70479.0,5.0,2.0,0.4477728179897707,0,Audience Type 5,Programmatic Display
69006.0,5.0,2.0,0.4460291999824054,0,Audience Type 5,Programmatic Display
67772.0,5.0,2.0,0.44302388697709233,0,Audience Type 5,Programmatic Display
65922.0,5.0,2.0,0.43782967637304576,1,Audience Type 5,Programmatic Display
64640.0,5.0,2.0,0.4335087097483964,0,Audience Type 5,Programmatic Display
63142.0,5.0,2.0,0.428183643408327,0,Audience Type 5,Programmatic Display
59521.0,5.0,2.0,0.4246661388455263,0,Audience Type 5,Programmatic Display
34597.0,5.0,2.0,0.4194632985594093,0,Audience Type 5,Programmatic Display
34277.0,5.0,2.0,0.4163016002757597,0,Audience Type 5,Programmatic Display
32147.0,5.0,2.0,0.4114902355808365,0,Audience Type 5,Programmatic Display
31037.0,5.0,2.0,0.4045588575022504,1,Audience Type 5,Programmatic Display
33191.0,5.0,2.0,0.4021402133444758,2,Audience Type 5,Programmatic Display
33305.0,5.0,2.0,0.39797208451849225,2,Audience Type 5,Programmatic Display
28840.0,5.0,2.0,0.39612458996511535,0,Audience Type 5,Programmatic Display
22373.0,5.0,2.0,0.39331039466674284,1,Audience Type 5,Programmatic Display
22519.0,5.0,2.0,0.3903547586456648,0,Audience Type 5,Programmatic Display
25038.0,5.0,2.0,0.3865294379979142,10,Audience Type 5,Programmatic Display
24659.0,5.0,2.0,0.3817886849571072,4,Audience Type 5,Programmatic Display
26104.0,5.0,2.0,0.3795803279898166,3,Audience Type 5,Programmatic Display
29304.0,5.0,2.0,0.377466925927961,5,Audience Type 5,Programmatic Display
28830.0,5.0,2.0,0.3740494411219769,1,Audience Type 5,Programmatic Display
29953.0,5.0,2.0,0.3722191019273261,0,Audience Type 5,Programmatic Display
31131.0,0.0,0.0,0.3700137297397951,1,Audience Type 5,Programmatic Display
32354.0,0.0,0.0,0.36825952732645895,2,Audience Type 5,Programmatic Display
33739.0,0.0,0.0,0.36562939034015757,1,Audience Type 5,Programmatic Display
34725.0,0.0,0.0,0.36477028381094795,5,Audience Type 5,Programmatic Display
37206.0,0.0,0.0,0.36431778724818137,17,Audience Type 5,Programmatic Display
40784.0,0.0,0.0,0.36337335091048667,4,Audience Type 5,Programmatic Display
42793.0,0.0,0.0,0.35938029535493116,8,Audience Type 5,Programmatic Display
42877.0,0.0,0.0,0.3577655658713493,2,Audience Type 5,Programmatic Display
43350.0,0.0,0.0,0.3570380164040738,1,Audience Type 5,Programmatic Display
47160.0,0.0,0.0,0.35638405526804984,29,Audience Type 5,Programmatic Display
49801.0,0.0,0.0,0.35665432553832016,9,Audience Type 5,Programmatic Display
52403.0,0.0,0.0,0.35694639261953365,7,Audience Type 5,Programmatic Display
56029.0,0.0,0.0,0.3587742751521141,15,Audience Type 5,Programmatic Display
56371.0,0.0,0.0,0.3599002723275788,0,Audience Type 5,Programmatic Display
57724.0,0.0,0.0,0.36013148095936764,3,Audience Type 5,Programmatic Display
58750.0,0.0,0.0,0.361494846845468,6,Audience Type 5,Programmatic Display
65110.0,0.0,0.0,0.36326607616185674,30,Audience Type 5,Programmatic Display
66552.0,0.0,0.0,0.3658792984419192,7,Audience Type 5,Programmatic Display
68094.0,0.0,0.0,0.36975659558639185,9,Audience Type 5,Programmatic Display
67863.0,0.0,0.0,0.37222055138368104,23,Audience Type 5,Programmatic Display
65397.0,0.0,0.0,0.3721103167558493,0,Audience Type 5,Programmatic Display
63326.0,0.0,0.0,0.3710463436918763,0,Audience Type 5,Programmatic Display
58953.0,0.0,0.0,0.3712116876072201,0,Audience Type 5,Programmatic Display
57938.0,0.0,0.0,0.3719365906991226,0,Audience Type 5,Programmatic Display
54107.0,0.0,0.0,0.3747765274100271,0,Audience Type 5,Programmatic Display
52979.0,0.0,0.0,0.37538713482142166,0,Audience Type 5,Programmatic Display
50097.0,0.0,0.0,0.3756257104470632,0,Audience Type 5,Programmatic Display
45739.0,0.0,0.0,0.3747335337083611,0,Audience Type 5,Programmatic Display
43867.0,0.0,0.0,0.3735832427121269,0,Audience Type 5,Programmatic Display
43995.0,0.0,0.0,0.3669698552708397,6,Audience Type 5,Programmatic Display
43086.0,0.0,0.0,0.35965510361936137,18,Audience Type 5,Programmatic Display
41863.0,0.0,0.0,0.3536747536776587,5,Audience Type 5,Programmatic Display
40478.0,0.0,0.0,0.34636147291356084,0,Audience Type 5,Programmatic Display
39709.0,0.0,0.0,0.33930066146133864,0,Audience Type 5,Programmatic Display
37224.0,0.0,0.0,0.33491294762846985,23,Audience Type 5,Programmatic Display
33646.0,0.0,0.0,0.3306819016219669,19,Audience Type 5,Programmatic Display
31637.0,0.0,0.0,0.32706790700451205,28,Audience Type 5,Programmatic Display
30641.0,1.0,0.0,0.3228668267815306,110,Audience Type 5,Programmatic Display
30718.0,3.0,0.0,0.3161574277709001,154,Audience Type 5,Programmatic Display
32630.0,3.0,0.0,0.309765022707609,8,Audience Type 5,Programmatic Display
30382.0,3.0,0.0,0.30380831808054426,84,Audience Type 5,Programmatic Display
28339.0,3.0,0.0,0.29985776345905096,182,Audience Type 5,Programmatic Display
31265.0,3.0,0.0,0.29460470761532315,112,Audience Type 5,Programmatic Display
31658.0,3.0,0.0,0.2898773263965568,66,Audience Type 5,Programmatic Display
30923.0,3.0,0.0,0.2855341441465589,110,Audience Type 5,Programmatic Display
29898.0,3.0,0.0,0.27917398472266836,22,Audience Type 5,Programmatic Display
25202.0,3.0,0.0,0.2721356906650659,38,Audience Type 5,Programmatic Display
23760.0,3.0,0.0,0.26659033458118947,97,Audience Type 5,Programmatic Display
21634.0,3.0,0.0,0.2624207451444245,252,Audience Type 5,Programmatic Display
19306.0,3.0,0.0,0.2574133990166133,64,Audience Type 5,Programmatic Display
19306.0,3.0,0.0,0.25425764028025605,301,Audience Type 5,Programmatic Display
20603.0,3.0,0.0,0.251309360489871,123,Audience Type 5,Programmatic Display
20610.0,6.0,0.0,0.24534151237983395,254,Audience Type 5,Programmatic Display
20610.0,7.0,0.0,0.23973493260459872,33,Audience Type 5,Programmatic Display
20333.0,7.0,0.0,0.23542834090334547,152,Audience Type 5,Programmatic Display
20333.0,7.0,0.0,0.2330627385540389,106,Audience Type 5,Programmatic Display
20333.0,7.0,0.0,0.23039956803319023,341,Audience Type 5,Programmatic Display
20977.0,9.0,0.0,0.22784397292932615,137,Audience Type 5,Programmatic Display
21251.0,10.0,0.0,0.22723264997362644,169,Audience Type 5,Programmatic Display
20008.0,10.0,0.0,0.22954511760878898,149,Audience Type 5,Programmatic Display
26265.0,10.0,0.0,0.23136917105374458,43,Audience Type 5,Programmatic Display
27148.0,10.0,0.0,0.23544068320267716,120,Audience Type 5,Programmatic Display
27148.0,10.0,0.0,0.23274578905066956,4,Audience Type 5,Programmatic Display
28196.0,10.0,0.0,0.22958522620471428,4,Audience Type 5,Programmatic Display
28199.0,10.0,0.0,0.2253217904974731,2,Audience Type 5,Programmatic Display
28199.0,11.0,0.0,0.22189034533084656,4,Audience Type 5,Programmatic Display
28199.0,11.0,0.0,0.21931435366572255,1,Audience Type 5,Programmatic Display
31058.0,10.0,0.0,0.21586036726038457,3,Audience Type 5,Programmatic Display
30508.0,8.0,0.0,0.21463730545343548,2,Audience Type 5,Programmatic Display
26901.0,9.0,0.0,0.21216427422765857,0,Audience Type 5,Programmatic Display
28914.0,10.0,0.0,0.20848541617951308,5,Audience Type 5,Programmatic Display
32486.0,12.0,0.0,0.20442852460487987,6,Audience Type 5,Programmatic Display
26586.0,12.0,0.0,0.20059662567816908,4,Audience Type 5,Programmatic Display
27382.0,12.0,0.0,0.19829271151408406,6,Audience Type 5,Programmatic Display
28100.0,12.0,0.0,0.19545015853801248,14,Audience Type 5,Programmatic Display
28130.0,12.0,0.0,0.19256108404974767,43,Audience Type 5,Programmatic Display
26600.0,12.0,0.0,0.19030748984052961,13,Audience Type 5,Programmatic Display
27807.0,12.0,0.0,0.185440378148451,2,Audience Type 5,Programmatic Display
27807.0,16.0,0.0,0.17966166398971242,11,Audience Type 5,Programmatic Display
29925.0,16.0,0.0,0.17452538506161785,6,Audience Type 5,Programmatic Display
30100.0,16.0,0.0,0.1701938836061286,1,Audience Type 5,Programmatic Display
30232.0,16.0,0.0,0.16564004813845218,2,Audience Type 5,Programmatic Display
30299.0,14.0,0.0,0.162359622551063,15,Audience Type 5,Programmatic Display
33756.0,13.0,0.0,0.1599165837190997,6,Audience Type 5,Programmatic Display
34821.0,13.0,0.0,0.1544669474181572,1,Audience Type 5,Programmatic Display
41916.0,13.0,0.0,0.1530172947781682,9,Audience Type 5,Programmatic Display
43524.0,13.0,0.0,0.1529840275014103,48,Audience Type 5,Programmatic Display
43125.0,11.0,0.0,0.15410171316716328,0,Audience Type 5,Programmatic Display
43314.0,10.0,0.0,0.15415453035468868,12,Audience Type 5,Programmatic Display
57713.0,12.0,0.0,0.1517487380855137,16,Audience Type 5,Programmatic Display
52425.0,12.0,0.0,0.14911008124251296,11,Audience Type 5,Programmatic Display
52484.0,13.0,0.0,0.1445060129168862,4,Audience Type 5,Programmatic Display
62517.0,13.0,0.0,0.14672978362902628,13,Audience Type 5,Programmatic Display
61252.0,13.0,0.0,0.14868274943844434,24,Audience Type 5,Programmatic Display
69034.0,13.0,0.0,0.15054479573507204,12,Audience Type 5,Programmatic Display
71660.0,12.0,0.0,0.15192143184185863,4,Audience Type 5,Programmatic Display
73380.0,12.0,0.0,0.15127477270511494,19,Audience Type 5,Programmatic Display
72173.0,12.0,0.0,0.15207153267407725,24,Audience Type 5,Programmatic Display
74774.0,12.0,0.0,0.15240495223159858,3,Audience Type 5,Programmatic Display
80854.0,11.0,0.0,0.15405573223013483,8,Audience Type 5,Programmatic Display
89825.0,12.0,0.0,0.15598244461584967,20,Audience Type 5,Programmatic Display
85886.0,10.0,0.0,0.15791876070360958,0,Audience Type 5,Programmatic Display
85344.0,10.0,0.0,0.1605390551076538,14,Audience Type 5,Programmatic Display
84813.0,12.0,0.0,0.16117037218015215,0,Audience Type 5,Programmatic Display
85910.0,12.0,0.0,0.16207894064645767,25,Audience Type 5,Programmatic Display
92503.0,12.0,0.0,0.16445841866947936,5,Audience Type 5,Programmatic Display
93374.0,13.0,0.0,0.16995971905052937,25,Audience Type 5,Programmatic Display
92168.0,13.0,0.0,0.17595517304342362,18,Audience Type 5,Programmatic Display
96499.0,9.0,0.0,0.18428994201628152,2,Audience Type 5,Programmatic Display
96988.0,9.0,0.0,0.19106849620159766,26,Audience Type 5,Programmatic Display
96879.0,16.0,0.0,0.19643061467008816,1,Audience Type 5,Programmatic Display
102865.0,16.0,0.0,0.20157759967828257,13,Audience Type 5,Programmatic Display
107736.0,15.0,0.0,0.20805935568870465,6,Audience Type 5,Programmatic Display
104850.0,17.0,0.0,0.21369120599538097,39,Audience Type 5,Programmatic Display
103785.0,17.0,0.0,0.21979447690843448,16,Audience Type 5,Programmatic Display
96695.0,19.0,0.0,0.22219928888257826,12,Audience Type 5,Programmatic Display
95087.0,19.0,0.0,0.22438815772531837,0,Audience Type 5,Programmatic Display
94851.0,19.0,0.0,0.22437630827335556,5,Audience Type 5,Programmatic Display
98366.0,20.0,0.0,0.2242004753604922,0,Audience Type 5,Programmatic Display
91915.0,18.0,0.0,0.22854444429982632,24,Audience Type 5,Programmatic Display
92805.0,18.0,0.0,0.23460097947904965,2,Audience Type 5,Programmatic Display
91863.0,17.0,0.0,0.24034161260295125,30,Audience Type 5,Programmatic Display
81830.0,17.0,0.0,0.2471190795330282,0,Audience Type 5,Programmatic Display
81830.0,17.0,0.0,0.2536923351912577,0,Audience Type 5,Programmatic Display
74045.0,19.0,0.0,0.25988465000280525,0,Audience Type 5,Programmatic Display
74223.0,19.0,0.0,0.26574834203355496,4,Audience Type 5,Programmatic Display
74445.0,21.0,0.0,0.27248936687532926,13,Audience Type 5,Programmatic Display
74997.0,21.0,0.0,0.2741705531844917,5,Audience Type 5,Programmatic Display
73366.0,21.0,0.0,0.2754915701913703,1,Audience Type 5,Programmatic Display
66961.0,21.0,0.0,0.27713691955120906,16,Audience Type 5,Programmatic Display
55584.0,19.0,0.0,0.27813331038640193,10,Audience Type 5,Programmatic Display
55939.0,19.0,0.0,0.27849966130541576,0,Audience Type 5,Programmatic Display
57501.0,20.0,0.0,0.27831471870683483,6,Audience Type 5,Programmatic Display
64621.0,18.0,0.0,0.27887512933664327,1,Audience Type 5,Programmatic Display
62170.0,18.0,0.0,0.2797279709127895,0,Audience Type 5,Programmatic Display
55546.0,18.0,0.0,0.28016566580801083,0,Audience Type 5,Programmatic Display
54541.0,17.0,0.0,0.2775236924992601,6,Audience Type 5,Programmatic Display
59495.0,17.0,0.0,0.2749922737727856,12,Audience Type 5,Programmatic Display
55363.0,20.0,0.0,0.2692926466972045,13,Audience Type 5,Programmatic Display
52757.0,20.0,0.0,0.26538082354439313,0,Audience Type 5,Programmatic Display
52997.0,13.0,0.0,0.26183418853818935,3,Audience Type 5,Programmatic Display
46653.0,14.0,0.0,0.25888489022781397,10,Audience Type 5,Programmatic Display
45935.0,14.0,0.0,0.25563858793332966,8,Audience Type 5,Programmatic Display
45367.0,12.0,0.0,0.2530138526240048,43,Audience Type 5,Programmatic Display
45367.0,12.0,0.0,0.2506662123415819,3,Audience Type 5,Programmatic Display
45418.0,10.0,0.0,0.24738831739702025,6,Audience Type 5,Programmatic Display
45550.0,10.0,0.0,0.2423784257382558,0,Audience Type 5,Programmatic Display
49567.0,10.0,0.0,0.23852276814469803,5,Audience Type 5,Programmatic Display
45649.0,13.0,0.0,0.2343942661458845,10,Audience Type 5,Programmatic Display
38491.0,13.0,0.0,0.23062788091957565,29,Audience Type 5,Programmatic Display
35883.0,13.0,0.0,0.22719680783956633,8,Audience Type 5,Programmatic Display
35892.0,13.0,0.0,0.22355822754435956,12,Audience Type 5,Programmatic Display
35892.0,13.0,0.0,0.2184238886842033,3,Audience Type 5,Programmatic Display
37317.0,13.0,0.0,0.21283330346113166,20,Audience Type 5,Programmatic Display
37317.0,11.0,0.0,0.20655683301858857,27,Audience Type 5,Programmatic Display
34513.0,11.0,0.0,0.19937514522006966,0,Audience Type 5,Programmatic Display
32571.0,9.0,0.0,0.19297534804392208,5,Audience Type 5,Programmatic Display
30367.0,9.0,0.0,0.19087042735302123,4,Audience Type 5,Programmatic Display
29397.0,10.0,0.0,0.18901855666828293,2,Audience Type 5,Programmatic Display
27635.0,10.0,0.0,0.18666592267070597,1,Audience Type 5,Programmatic Display
27635.0,10.0,0.0,0.1847696296756291,0,Audience Type 5,Programmatic Display
32534.0,10.0,0.0,0.1861240919527537,31,Audience Type 5,Programmatic Display
37687.0,10.0,0.0,0.18712931143585637,20,Audience Type 5,Programmatic Display
30102.0,10.0,0.0,0.18749948049177872,4,Audience Type 5,Programmatic Display
34621.0,10.0,0.0,0.18691935681459743,0,Audience Type 5,Programmatic Display
36380.0,10.0,0.0,0.1864383864759692,11,Audience Type 5,Programmatic Display
38049.0,10.0,0.0,0.18556268535968726,14,Audience Type 5,Programmatic Display
36478.0,10.0,0.0,0.1844263775745671,15,Audience Type 5,Programmatic Display
38203.0,7.0,0.0,0.1841886702513595,5,Audience Type 5,Programmatic Display
38202.0,7.0,0.0,0.18392441690813316,7,Audience Type 5,Programmatic Display
99725.0,40.0,0.0,0.4445056161064137,462,Audience Type 1,Search
105763.0,41.0,0.0,0.4493887114923025,607,Audience Type 1,Search
108715.0,41.0,0.0,0.4490825465793959,573,Audience Type 1,Search
108715.0,44.0,0.0,0.4488641326009013,833,Audience Type 1,Search
103518.0,44.0,0.0,0.44735570109246975,615,Audience Type 1,Search
108118.0,47.0,0.0,0.4477728179897707,573,Audience Type 1,Search
109952.0,44.0,0.0,0.4460291999824054,686,Audience Type 1,Search
108607.0,46.0,0.0,0.44302388697709233,544,Audience Type 1,Search
108193.0,44.0,0.0,0.43782967637304576,66,Audience Type 1,Search
96556.0,45.0,0.0,0.4335087097483964,69,Audience Type 1,Search
89056.0,33.0,0.0,0.428183643408327,208,Audience Type 1,Search
85035.0,33.0,0.0,0.4246661388455263,203,Audience Type 1,Search
85388.0,36.0,0.0,0.4194632985594093,236,Audience Type 1,Search
85463.0,39.0,0.0,0.4163016002757597,200,Audience Type 1,Search
86243.0,39.0,0.0,0.4114902355808365,131,Audience Type 1,Search
86462.0,39.0,1.0,0.4045588575022504,157,Audience Type 1,Search
90463.0,39.0,1.0,0.4021402133444758,215,Audience Type 1,Search
90733.0,37.0,1.0,0.39797208451849225,244,Audience Type 1,Search
93157.0,36.0,2.0,0.39612458996511535,386,Audience Type 1,Search
95570.0,36.0,2.0,0.39331039466674284,205,Audience Type 1,Search
96932.0,36.0,2.0,0.3903547586456648,152,Audience Type 1,Search
95088.0,36.0,2.0,0.3865294379979142,186,Audience Type 1,Search
105298.0,34.0,2.0,0.3817886849571072,187,Audience Type 1,Search
112927.0,39.0,2.0,0.3795803279898166,108,Audience Type 1,Search
120026.0,42.0,2.0,0.377466925927961,194,Audience Type 1,Search
114096.0,41.0,2.0,0.3740494411219769,274,Audience Type 1,Search
123351.0,34.0,2.0,0.3722191019273261,207,Audience Type 1,Search
121583.0,34.0,2.0,0.3700137297397951,128,Audience Type 1,Search
134869.0,32.0,2.0,0.36825952732645895,136,Audience Type 1,Search
129701.0,36.0,2.0,0.36562939034015757,163,Audience Type 1,Search
134837.0,46.0,2.0,0.36477028381094795,71,Audience Type 1,Search
134040.0,46.0,2.0,0.36431778724818137,124,Audience Type 1,Search
132519.0,46.0,2.0,0.36337335091048667,173,Audience Type 1,Search
139125.0,46.0,2.0,0.35938029535493116,178,Audience Type 1,Search
143460.0,46.0,2.0,0.3577655658713493,226,Audience Type 1,Search
141524.0,44.0,2.0,0.3570380164040738,377,Audience Type 1,Search
139074.0,46.0,2.0,0.35638405526804984,256,Audience Type 1,Search
149156.0,44.0,2.0,0.35665432553832016,240,Audience Type 1,Search
149923.0,46.0,2.0,0.35694639261953365,312,Audience Type 1,Search
156830.0,46.0,2.0,0.3587742751521141,286,Audience Type 1,Search
159511.0,46.0,2.0,0.3599002723275788,237,Audience Type 1,Search
164058.0,48.0,2.0,0.36013148095936764,366,Audience Type 1,Search
161858.0,44.0,2.0,0.361494846845468,381,Audience Type 1,Search
155525.0,41.0,2.0,0.36326607616185674,271,Audience Type 1,Search
160334.0,46.0,3.0,0.3658792984419192,242,Audience Type 1,Search
161728.0,46.0,2.0,0.36975659558639185,266,Audience Type 1,Search
157739.0,57.0,2.0,0.37222055138368104,207,Audience Type 1,Search
168765.0,57.0,2.0,0.3721103167558493,251,Audience Type 1,Search
171114.0,58.0,1.0,0.3710463436918763,329,Audience Type 1,Search
171060.0,58.0,1.0,0.3712116876072201,235,Audience Type 1,Search
173056.0,60.0,1.0,0.3719365906991226,171,Audience Type 1,Search
171454.0,62.0,1.0,0.3747765274100271,278,Audience Type 1,Search
166456.0,62.0,1.0,0.37538713482142166,240,Audience Type 1,Search
159958.0,57.0,1.0,0.3756257104470632,365,Audience Type 1,Search
161425.0,53.0,1.0,0.3747335337083611,333,Audience Type 1,Search
159915.0,55.0,1.0,0.3735832427121269,332,Audience Type 1,Search
154155.0,53.0,1.0,0.3669698552708397,499,Audience Type 1,Search
153173.0,53.0,1.0,0.35965510361936137,463,Audience Type 1,Search
141408.0,53.0,1.0,0.3536747536776587,300,Audience Type 1,Search
144667.0,48.0,1.0,0.34636147291356084,378,Audience Type 1,Search
138208.0,38.0,1.0,0.33930066146133864,309,Audience Type 1,Search
143172.0,37.0,1.0,0.33491294762846985,365,Audience Type 1,Search
146755.0,37.0,1.0,0.3306819016219669,408,Audience Type 1,Search
152197.0,34.0,1.0,0.32706790700451205,459,Audience Type 1,Search
158257.0,35.0,1.0,0.3228668267815306,407,Audience Type 1,Search
166832.0,37.0,1.0,0.3161574277709001,260,Audience Type 1,Search
166213.0,35.0,1.0,0.309765022707609,260,Audience Type 1,Search
164767.0,36.0,1.0,0.30380831808054426,345,Audience Type 1,Search
166584.0,34.0,1.0,0.29985776345905096,296,Audience Type 1,Search
158559.0,35.0,1.0,0.29460470761532315,276,Audience Type 1,Search
157503.0,35.0,1.0,0.2898773263965568,326,Audience Type 1,Search
151869.0,35.0,1.0,0.2855341441465589,182,Audience Type 1,Search
155279.0,35.0,1.0,0.27917398472266836,299,Audience Type 1,Search
161647.0,40.0,1.0,0.2721356906650659,247,Audience Type 1,Search
157314.0,35.0,0.0,0.26659033458118947,300,Audience Type 1,Search
165609.0,38.0,0.0,0.2624207451444245,226,Audience Type 1,Search
166389.0,31.0,0.0,0.2574133990166133,328,Audience Type 1,Search
156010.0,31.0,0.0,0.25425764028025605,251,Audience Type 1,Search
161488.0,30.0,0.0,0.251309360489871,246,Audience Type 1,Search
170601.0,32.0,1.0,0.24534151237983395,202,Audience Type 1,Search
174193.0,30.0,1.0,0.23973493260459872,233,Audience Type 1,Search
179683.0,28.0,1.0,0.23542834090334547,478,Audience Type 1,Search
173585.0,28.0,1.0,0.2330627385540389,225,Audience Type 1,Search
174824.0,28.0,1.0,0.23039956803319023,192,Audience Type 1,Search
173380.0,28.0,1.0,0.22784397292932615,246,Audience Type 1,Search
175489.0,27.0,1.0,0.22723264997362644,326,Audience Type 1,Search
181604.0,30.0,1.0,0.22954511760878898,362,Audience Type 1,Search
194129.0,31.0,1.0,0.23136917105374458,229,Audience Type 1,Search
193233.0,32.0,1.0,0.23544068320267716,537,Audience Type 1,Search
204301.0,31.0,1.0,0.23274578905066956,110,Audience Type 1,Search
205956.0,32.0,1.0,0.22958522620471428,576,Audience Type 1,Search
207652.0,33.0,1.0,0.2253217904974731,437,Audience Type 1,Search
216656.0,35.0,1.0,0.22189034533084656,601,Audience Type 1,Search
207396.0,36.0,1.0,0.21931435366572255,770,Audience Type 1,Search
203571.0,35.0,1.0,0.21586036726038457,379,Audience Type 1,Search
198904.0,34.0,3.0,0.21463730545343548,537,Audience Type 1,Search
200158.0,36.0,3.0,0.21216427422765857,592,Audience Type 1,Search
200061.0,36.0,4.0,0.20848541617951308,568,Audience Type 1,Search
209900.0,36.0,4.0,0.20442852460487987,439,Audience Type 1,Search
213520.0,37.0,4.0,0.20059662567816908,464,Audience Type 1,Search
212808.0,37.0,4.0,0.19829271151408406,440,Audience Type 1,Search
214059.0,35.0,4.0,0.19545015853801248,276,Audience Type 1,Search
216896.0,35.0,4.0,0.19256108404974767,233,Audience Type 1,Search
234020.0,32.0,4.0,0.19030748984052961,341,Audience Type 1,Search
237896.0,35.0,4.0,0.185440378148451,445,Audience Type 1,Search
232125.0,32.0,4.0,0.17966166398971242,368,Audience Type 1,Search
231489.0,28.0,4.0,0.17452538506161785,320,Audience Type 1,Search
232089.0,31.0,4.0,0.1701938836061286,203,Audience Type 1,Search
224080.0,39.0,4.0,0.16564004813845218,209,Audience Type 1,Search
212915.0,39.0,3.0,0.162359622551063,308,Audience Type 1,Search
206685.0,39.0,3.0,0.1599165837190997,424,Audience Type 1,Search
206865.0,39.0,4.0,0.1544669474181572,379,Audience Type 1,Search
210977.0,39.0,4.0,0.1530172947781682,306,Audience Type 1,Search
206309.0,45.0,4.0,0.1529840275014103,220,Audience Type 1,Search
224241.0,46.0,4.0,0.15410171316716328,319,Audience Type 1,Search
222598.0,46.0,4.0,0.15415453035468868,249,Audience Type 1,Search
215345.0,43.0,4.0,0.1517487380855137,258,Audience Type 1,Search
202407.0,42.0,4.0,0.14911008124251296,246,Audience Type 1,Search
204306.0,40.0,4.0,0.1445060129168862,415,Audience Type 1,Search
196712.0,42.0,4.0,0.14672978362902628,303,Audience Type 1,Search
197509.0,44.0,4.0,0.14868274943844434,423,Audience Type 1,Search
194692.0,44.0,4.0,0.15054479573507204,265,Audience Type 1,Search
183935.0,44.0,4.0,0.15192143184185863,420,Audience Type 1,Search
198660.0,52.0,4.0,0.15127477270511494,167,Audience Type 1,Search
196392.0,52.0,4.0,0.15207153267407725,584,Audience Type 1,Search
196077.0,50.0,2.0,0.15240495223159858,773,Audience Type 1,Search
204179.0,50.0,4.0,0.15405573223013483,863,Audience Type 1,Search
209222.0,49.0,3.0,0.15598244461584967,718,Audience Type 1,Search
199001.0,51.0,3.0,0.15791876070360958,436,Audience Type 1,Search
202112.0,51.0,6.0,0.1605390551076538,554,Audience Type 1,Search
215648.0,54.0,6.0,0.16117037218015215,661,Audience Type 1,Search
217955.0,55.0,6.0,0.16207894064645767,1174,Audience Type 1,Search
214831.0,55.0,6.0,0.16445841866947936,844,Audience Type 1,Search
203273.0,54.0,6.0,0.16995971905052937,1102,Audience Type 1,Search
206272.0,53.0,6.0,0.17595517304342362,890,Audience Type 1,Search
207363.0,54.0,6.0,0.18428994201628152,736,Audience Type 1,Search
228789.0,57.0,6.0,0.19106849620159766,657,Audience Type 1,Search
231780.0,60.0,6.0,0.19643061467008816,1300,Audience Type 1,Search
243751.0,55.0,6.0,0.20157759967828257,887,Audience Type 1,Search
252622.0,55.0,7.0,0.20805935568870465,696,Audience Type 1,Search
258438.0,56.0,7.0,0.21369120599538097,540,Audience Type 1,Search
257641.0,56.0,6.0,0.21979447690843448,408,Audience Type 1,Search
262537.0,59.0,6.0,0.22219928888257826,600,Audience Type 1,Search
273827.0,55.0,6.0,0.22438815772531837,647,Audience Type 1,Search
261737.0,54.0,6.0,0.22437630827335556,601,Audience Type 1,Search
265458.0,54.0,6.0,0.2242004753604922,852,Audience Type 1,Search
265970.0,61.0,6.0,0.22854444429982632,743,Audience Type 1,Search
271337.0,63.0,6.0,0.23460097947904965,653,Audience Type 1,Search
282256.0,63.0,6.0,0.24034161260295125,800,Audience Type 1,Search
278909.0,62.0,6.0,0.2471190795330282,660,Audience Type 1,Search
288101.0,62.0,6.0,0.2536923351912577,777,Audience Type 1,Search
290413.0,63.0,6.0,0.25988465000280525,778,Audience Type 1,Search
294835.0,61.0,6.0,0.26574834203355496,1082,Audience Type 1,Search
292811.0,54.0,6.0,0.27248936687532926,1362,Audience Type 1,Search
291739.0,64.0,6.0,0.2741705531844917,1039,Audience Type 1,Search
289317.0,68.0,6.0,0.2754915701913703,843,Audience Type 1,Search
285081.0,66.0,4.0,0.27713691955120906,483,Audience Type 1,Search
285952.0,69.0,4.0,0.27813331038640193,653,Audience Type 1,Search
289114.0,68.0,4.0,0.27849966130541576,1151,Audience Type 1,Search
286038.0,65.0,1.0,0.27831471870683483,977,Audience Type 1,Search
280674.0,64.0,1.0,0.27887512933664327,1143,Audience Type 1,Search
283188.0,67.0,1.0,0.2797279709127895,1243,Audience Type 1,Search
281712.0,67.0,1.0,0.28016566580801083,1128,Audience Type 1,Search
277052.0,66.0,1.0,0.2775236924992601,477,Audience Type 1,Search
285703.0,67.0,1.0,0.2749922737727856,839,Audience Type 1,Search
289444.0,67.0,1.0,0.2692926466972045,781,Audience Type 1,Search
273686.0,64.0,1.0,0.26538082354439313,1007,Audience Type 1,Search
280285.0,60.0,1.0,0.26183418853818935,923,Audience Type 1,Search
287855.0,59.0,1.0,0.25888489022781397,1392,Audience Type 1,Search
311578.0,62.0,0.0,0.25563858793332966,1160,Audience Type 1,Search
318362.0,61.0,0.0,0.2530138526240048,968,Audience Type 1,Search
337515.0,62.0,0.0,0.2506662123415819,890,Audience Type 1,Search
331827.0,62.0,0.0,0.24738831739702025,997,Audience Type 1,Search
331706.0,62.0,0.0,0.2423784257382558,1374,Audience Type 1,Search
331664.0,64.0,0.0,0.23852276814469803,1269,Audience Type 1,Search
329920.0,67.0,0.0,0.2343942661458845,1435,Audience Type 1,Search
338139.0,60.0,0.0,0.23062788091957565,1310,Audience Type 1,Search
352297.0,64.0,0.0,0.22719680783956633,922,Audience Type 1,Search
352275.0,65.0,0.0,0.22355822754435956,983,Audience Type 1,Search
362557.0,67.0,0.0,0.2184238886842033,1191,Audience Type 1,Search
360993.0,67.0,0.0,0.21283330346113166,1208,Audience Type 1,Search
376054.0,66.0,0.0,0.20655683301858857,1084,Audience Type 1,Search
389972.0,69.0,0.0,0.19937514522006966,1168,Audience Type 1,Search
389373.0,68.0,0.0,0.19297534804392208,1283,Audience Type 1,Search
400308.0,63.0,0.0,0.19087042735302123,778,Audience Type 1,Search
397492.0,63.0,0.0,0.18901855666828293,873,Audience Type 1,Search
411626.0,68.0,0.0,0.18666592267070597,1167,Audience Type 1,Search
415639.0,65.0,0.0,0.1847696296756291,1013,Audience Type 1,Search
419501.0,65.0,0.0,0.1861240919527537,842,Audience Type 1,Search
421797.0,65.0,8.0,0.18712931143585637,1053,Audience Type 1,Search
424200.0,80.0,8.0,0.18749948049177872,1156,Audience Type 1,Search
422861.0,77.0,8.0,0.18691935681459743,871,Audience Type 1,Search
430348.0,77.0,8.0,0.1864383864759692,731,Audience Type 1,Search
433782.0,80.0,8.0,0.18556268535968726,751,Audience Type 1,Search
428332.0,78.0,8.0,0.1844263775745671,911,Audience Type 1,Search
432486.0,80.0,8.0,0.1841886702513595,1059,Audience Type 1,Search
439983.0,81.0,8.0,0.18392441690813316,1380,Audience Type 1,Search
922.0,0.0,0.0,0.44147353825454855,0,Audience Type 5,Search
922.0,0.0,0.0,0.4491702975138078,0,Audience Type 5,Search
922.0,0.0,0.0,0.4493061476496579,0,Audience Type 5,Search
1280.0,0.0,0.0,0.4478285689118052,0,Audience Type 5,Search
1280.0,0.0,0.0,0.4480054308111879,0,Audience Type 5,Search
1280.0,0.0,0.0,0.4461709147308618,0,Audience Type 5,Search
1280.0,0.0,0.0,0.4413047244548354,2,Audience Type 5,Search
1280.0,0.0,0.0,0.43564658309199605,0,Audience Type 5,Search
1280.0,1.0,0.0,0.4313854834995174,0,Audience Type 5,Search
1280.0,1.0,0.0,0.4270509129798991,0,Audience Type 5,Search
1280.0,1.0,0.0,0.423115507041823,0,Audience Type 5,Search
1281.0,1.0,0.0,0.41819506677596774,0,Audience Type 5,Search
359.0,1.0,0.0,0.414884676739914,0,Audience Type 5,Search
359.0,1.0,0.0,0.40805036874771133,0,Audience Type 5,Search
359.0,1.0,0.0,0.4030905006406352,0,Audience Type 5,Search
359.0,1.0,0.0,0.40151659965770087,0,Audience Type 5,Search
359.0,1.0,0.0,0.39823592138907066,0,Audience Type 5,Search
359.0,1.0,0.0,0.3960008606981277,0,Audience Type 5,Search
359.0,1.0,0.0,0.39183183242178793,0,Audience Type 5,Search
359.0,1.0,0.0,0.3880940709917187,11,Audience Type 5,Search
359.0,1.0,0.0,0.3847694773152834,0,Audience Type 5,Search
359.0,1.0,0.0,0.38080532113862453,0,Audience Type 5,Search
359.0,1.0,0.0,0.3795455776133542,0,Audience Type 5,Search
359.0,1.0,0.0,0.37671949065683247,0,Audience Type 5,Search
359.0,1.0,0.0,0.37398701914944255,0,Audience Type 5,Search
359.0,1.0,0.0,0.3721508609573521,0,Audience Type 5,Search
359.0,1.0,0.0,0.3686150151700443,0,Audience Type 5,Search
359.0,1.0,0.0,0.36781915313666197,0,Audience Type 5,Search
359.0,1.0,0.0,0.36593828257537897,0,Audience Type 5,Search
359.0,1.0,0.0,0.36368694172687077,0,Audience Type 5,Search
359.0,1.0,0.0,0.36337335091048667,0,Audience Type 5,Search
359.0,1.0,0.0,0.35938029535493116,1,Audience Type 5,Search
359.0,1.0,0.0,0.3577655658713493,3,Audience Type 5,Search
13.0,1.0,0.0,0.3570380164040738,0,Audience Type 5,Search
13.0,1.0,0.0,0.35638405526804984,0,Audience Type 5,Search
14.0,3.0,0.0,0.35665432553832016,0,Audience Type 5,Search
14.0,3.0,0.0,0.35694639261953365,0,Audience Type 5,Search
14.0,3.0,0.0,0.3587742751521141,3,Audience Type 5,Search
14.0,2.0,0.0,0.3599002723275788,0,Audience Type 5,Search
14.0,2.0,0.0,0.36013148095936764,0,Audience Type 5,Search
1164.0,2.0,0.0,0.361494846845468,44,Audience Type 5,Search
1847.0,2.0,0.0,0.36326607616185674,25,Audience Type 5,Search
1847.0,2.0,0.0,0.3658792984419192,26,Audience Type 5,Search
2317.0,2.0,0.0,0.36975659558639185,15,Audience Type 5,Search
2317.0,2.0,0.0,0.37222055138368104,44,Audience Type 5,Search
2644.0,2.0,0.0,0.3721103167558493,2,Audience Type 5,Search
2647.0,2.0,0.0,0.3710463436918763,39,Audience Type 5,Search
6058.0,2.0,0.0,0.3712116876072201,18,Audience Type 5,Search
6072.0,2.0,0.0,0.3719365906991226,96,Audience Type 5,Search
6260.0,2.0,0.0,0.3747765274100271,19,Audience Type 5,Search
6260.0,2.0,0.0,0.37538713482142166,16,Audience Type 5,Search
6514.0,2.0,0.0,0.3756257104470632,21,Audience Type 5,Search
6536.0,2.0,0.0,0.3747335337083611,26,Audience Type 5,Search
9512.0,2.0,0.0,0.3735832427121269,0,Audience Type 5,Search
9512.0,2.0,0.0,0.3669698552708397,26,Audience Type 5,Search
13096.0,2.0,0.0,0.35965510361936137,1,Audience Type 5,Search
13294.0,2.0,0.0,0.3536747536776587,18,Audience Type 5,Search
13294.0,2.0,0.0,0.34636147291356084,4,Audience Type 5,Search
13454.0,2.0,0.0,0.33930066146133864,4,Audience Type 5,Search
13454.0,2.0,0.0,0.33491294762846985,0,Audience Type 5,Search
13561.0,2.0,0.0,0.3306819016219669,4,Audience Type 5,Search
13561.0,2.0,0.0,0.32706790700451205,0,Audience Type 5,Search
13770.0,2.0,0.0,0.3228668267815306,2,Audience Type 5,Search
13758.0,2.0,0.0,0.3161574277709001,14,Audience Type 5,Search
13758.0,2.0,0.0,0.309765022707609,21,Audience Type 5,Search
13757.0,0.0,0.0,0.30380831808054426,24,Audience Type 5,Search
16470.0,0.0,0.0,0.29985776345905096,0,Audience Type 5,Search
16470.0,0.0,0.0,0.29460470761532315,0,Audience Type 5,Search
16470.0,0.0,0.0,0.2898773263965568,0,Audience Type 5,Search
16470.0,0.0,0.0,0.2855341441465589,0,Audience Type 5,Search
15320.0,0.0,0.0,0.27917398472266836,0,Audience Type 5,Search
14636.0,0.0,0.0,0.2721356906650659,0,Audience Type 5,Search
16405.0,0.0,0.0,0.26659033458118947,0,Audience Type 5,Search
15937.0,1.0,0.0,0.2624207451444245,1,Audience Type 5,Search
23753.0,1.0,0.0,0.2574133990166133,0,Audience Type 5,Search
28689.0,1.0,0.0,0.25425764028025605,2,Audience Type 5,Search
28731.0,1.0,0.0,0.251309360489871,18,Audience Type 5,Search
25376.0,1.0,0.0,0.24534151237983395,0,Audience Type 5,Search
25573.0,1.0,0.0,0.23973493260459872,16,Audience Type 5,Search
27315.0,1.0,0.0,0.23542834090334547,0,Audience Type 5,Search
27317.0,1.0,0.0,0.2330627385540389,0,Audience Type 5,Search
27065.0,1.0,0.0,0.23039956803319023,2,Audience Type 5,Search
27717.0,1.0,0.0,0.22784397292932615,0,Audience Type 5,Search
26334.0,1.0,0.0,0.22723264997362644,8,Audience Type 5,Search
28377.0,1.0,0.0,0.22954511760878898,0,Audience Type 5,Search
24793.0,1.0,0.0,0.23136917105374458,33,Audience Type 5,Search
24596.0,1.0,0.0,0.23544068320267716,0,Audience Type 5,Search
24602.0,1.0,0.0,0.23274578905066956,0,Audience Type 5,Search
24442.0,1.0,0.0,0.22958522620471428,0,Audience Type 5,Search
24442.0,1.0,0.0,0.2253217904974731,3,Audience Type 5,Search
24364.0,1.0,0.0,0.22189034533084656,1,Audience Type 5,Search
24364.0,1.0,0.0,0.21931435366572255,45,Audience Type 5,Search
27946.0,1.0,0.0,0.21586036726038457,4,Audience Type 5,Search
27946.0,1.0,0.0,0.21463730545343548,32,Audience Type 5,Search
29382.0,1.0,0.0,0.21216427422765857,5,Audience Type 5,Search
39596.0,1.0,0.0,0.20848541617951308,46,Audience Type 5,Search
38376.0,1.0,0.0,0.20442852460487987,5,Audience Type 5,Search
42441.0,1.0,0.0,0.20059662567816908,26,Audience Type 5,Search
42441.0,1.0,0.0,0.19829271151408406,0,Audience Type 5,Search
42441.0,1.0,0.0,0.19545015853801248,17,Audience Type 5,Search
43252.0,1.0,0.0,0.19256108404974767,2,Audience Type 5,Search
43252.0,1.0,0.0,0.19030748984052961,0,Audience Type 5,Search
42099.0,1.0,0.0,0.185440378148451,3,Audience Type 5,Search
42100.0,0.0,0.0,0.17966166398971242,4,Audience Type 5,Search
35325.0,0.0,0.0,0.17452538506161785,0,Audience Type 5,Search
30064.0,0.0,0.0,0.1701938836061286,2,Audience Type 5,Search
37499.0,0.0,0.0,0.16564004813845218,3,Audience Type 5,Search
37443.0,0.0,0.0,0.162359622551063,0,Audience Type 5,Search
37889.0,0.0,0.0,0.1599165837190997,38,Audience Type 5,Search
35984.0,0.0,0.0,0.1544669474181572,0,Audience Type 5,Search
35982.0,0.0,0.0,0.1530172947781682,0,Audience Type 5,Search
35980.0,0.0,0.0,0.1529840275014103,0,Audience Type 5,Search
35306.0,0.0,0.0,0.15410171316716328,13,Audience Type 5,Search
39896.0,4.0,0.0,0.15415453035468868,40,Audience Type 5,Search
38821.0,4.0,0.0,0.1517487380855137,2,Audience Type 5,Search
38824.0,4.0,0.0,0.14911008124251296,25,Audience Type 5,Search
40180.0,4.0,0.0,0.1445060129168862,35,Audience Type 5,Search
40174.0,4.0,0.0,0.14672978362902628,9,Audience Type 5,Search
40198.0,4.0,0.0,0.14868274943844434,48,Audience Type 5,Search
43005.0,4.0,0.0,0.15054479573507204,0,Audience Type 5,Search
44665.0,4.0,0.0,0.15192143184185863,0,Audience Type 5,Search
46168.0,4.0,0.0,0.15127477270511494,4,Audience Type 5,Search
43373.0,4.0,0.0,0.15207153267407725,9,Audience Type 5,Search
43762.0,4.0,0.0,0.15240495223159858,5,Audience Type 5,Search
42326.0,4.0,0.0,0.15405573223013483,0,Audience Type 5,Search
32472.0,6.0,0.0,0.15598244461584967,38,Audience Type 5,Search
31304.0,6.0,0.0,0.15791876070360958,1,Audience Type 5,Search
29182.0,6.0,0.0,0.1605390551076538,13,Audience Type 5,Search
33567.0,6.0,0.0,0.16117037218015215,12,Audience Type 5,Search
33603.0,6.0,0.0,0.16207894064645767,26,Audience Type 5,Search
35239.0,7.0,0.0,0.16445841866947936,66,Audience Type 5,Search
35584.0,7.0,0.0,0.16995971905052937,45,Audience Type 5,Search
34971.0,7.0,0.0,0.17595517304342362,56,Audience Type 5,Search
34968.0,7.0,0.0,0.18428994201628152,26,Audience Type 5,Search
33927.0,7.0,0.0,0.19106849620159766,9,Audience Type 5,Search
37200.0,7.0,0.0,0.19643061467008816,21,Audience Type 5,Search
31324.0,7.0,0.0,0.20157759967828257,35,Audience Type 5,Search
32510.0,8.0,0.0,0.20805935568870465,19,Audience Type 5,Search
31950.0,9.0,0.0,0.21369120599538097,39,Audience Type 5,Search
37693.0,9.0,0.0,0.21979447690843448,47,Audience Type 5,Search
37693.0,9.0,0.0,0.22219928888257826,0,Audience Type 5,Search
37693.0,9.0,0.0,0.22438815772531837,11,Audience Type 5,Search
37693.0,9.0,0.0,0.22437630827335556,6,Audience Type 5,Search
31526.0,5.0,0.0,0.2242004753604922,30,Audience Type 5,Search
32303.0,5.0,0.0,0.22854444429982632,8,Audience Type 5,Search
32974.0,5.0,0.0,0.23460097947904965,10,Audience Type 5,Search
33298.0,5.0,0.0,0.24034161260295125,46,Audience Type 5,Search
34397.0,5.0,0.0,0.2471190795330282,6,Audience Type 5,Search
35024.0,5.0,0.0,0.2536923351912577,16,Audience Type 5,Search
32615.0,6.0,0.0,0.25988465000280525,1,Audience Type 5,Search
31068.0,6.0,0.0,0.26574834203355496,11,Audience Type 5,Search
29565.0,6.0,0.0,0.27248936687532926,31,Audience Type 5,Search
28602.0,6.0,0.0,0.2741705531844917,39,Audience Type 5,Search
28383.0,6.0,0.0,0.2754915701913703,55,Audience Type 5,Search
28383.0,6.0,0.0,0.27713691955120906,0,Audience Type 5,Search
28169.0,5.0,0.0,0.27813331038640193,0,Audience Type 5,Search
36125.0,5.0,0.0,0.27849966130541576,68,Audience Type 5,Search
34894.0,5.0,0.0,0.27831471870683483,31,Audience Type 5,Search
30509.0,5.0,0.0,0.27887512933664327,30,Audience Type 5,Search
32324.0,6.0,0.0,0.2797279709127895,75,Audience Type 5,Search
29877.0,5.0,0.0,0.28016566580801083,16,Audience Type 5,Search
30128.0,5.0,0.0,0.2775236924992601,5,Audience Type 5,Search
30125.0,5.0,0.0,0.2749922737727856,18,Audience Type 5,Search
32363.0,5.0,0.0,0.2692926466972045,21,Audience Type 5,Search
32753.0,5.0,0.0,0.26538082354439313,61,Audience Type 5,Search
29763.0,5.0,0.0,0.26183418853818935,38,Audience Type 5,Search
28421.0,5.0,0.0,0.25888489022781397,112,Audience Type 5,Search
28866.0,9.0,0.0,0.25563858793332966,81,Audience Type 5,Search
29332.0,8.0,0.0,0.2530138526240048,31,Audience Type 5,Search
23870.0,9.0,0.0,0.2506662123415819,25,Audience Type 5,Search
23891.0,10.0,0.0,0.24738831739702025,66,Audience Type 5,Search
23892.0,10.0,0.0,0.2423784257382558,249,Audience Type 5,Search
24088.0,10.0,0.0,0.23852276814469803,79,Audience Type 5,Search
25067.0,11.0,0.0,0.2343942661458845,92,Audience Type 5,Search
28578.0,12.0,0.0,0.23062788091957565,33,Audience Type 5,Search
28129.0,13.0,0.0,0.22719680783956633,29,Audience Type 5,Search
26448.0,13.0,0.0,0.22355822754435956,12,Audience Type 5,Search
25350.0,14.0,0.0,0.2184238886842033,102,Audience Type 5,Search
24930.0,14.0,0.0,0.21283330346113166,29,Audience Type 5,Search
24699.0,13.0,0.0,0.20655683301858857,93,Audience Type 5,Search
25204.0,13.0,0.0,0.19937514522006966,54,Audience Type 5,Search
27952.0,13.0,0.0,0.19297534804392208,25,Audience Type 5,Search
27920.0,13.0,0.0,0.19087042735302123,4,Audience Type 5,Search
30519.0,13.0,0.0,0.18901855666828293,16,Audience Type 5,Search
31496.0,13.0,0.0,0.18666592267070597,36,Audience Type 5,Search
31481.0,12.0,0.0,0.1847696296756291,73,Audience Type 5,Search
23690.0,13.0,1.0,0.1861240919527537,63,Audience Type 5,Search
26115.0,14.0,1.0,0.18712931143585637,15,Audience Type 5,Search
26546.0,14.0,1.0,0.18749948049177872,26,Audience Type 5,Search
25135.0,13.0,1.0,0.18691935681459743,73,Audience Type 5,Search
25135.0,13.0,1.0,0.1864383864759692,3,Audience Type 5,Search
28463.0,14.0,1.0,0.18556268535968726,79,Audience Type 5,Search
29210.0,14.0,1.0,0.1844263775745671,62,Audience Type 5,Search
31604.0,14.0,1.0,0.1841886702513595,143,Audience Type 5,Search
31373.0,15.0,2.0,0.18392441690813316,107,Audience Type 5,Search
0.0,0.0,0.0,0.4460291999824054,0,Audience Type 3,Programmatic Display
0.0,0.0,0.0,0.44302388697709233,0,Audience Type 3,Programmatic Display
0.0,0.0,0.0,0.43782967637304576,0,Audience Type 3,Programmatic Display
0.0,0.0,0.0,0.4335087097483964,0,Audience Type 3,Programmatic Display
0.0,0.0,0.0,0.428183643408327,0,Audience Type 3,Programmatic Display
0.0,0.0,0.0,0.4246661388455263,12,Audience Type 3,Programmatic Display
0.0,0.0,0.0,0.4194632985594093,0,Audience Type 3,Programmatic Display
0.0,0.0,0.0,0.4163016002757597,0,Audience Type 3,Programmatic Display
0.0,0.0,0.0,0.4114902355808365,0,Audience Type 3,Programmatic Display
0.0,0.0,0.0,0.4045588575022504,0,Audience Type 3,Programmatic Display
0.0,0.0,0.0,0.4021402133444758,0,Audience Type 3,Programmatic Display
0.0,0.0,0.0,0.39797208451849225,0,Audience Type 3,Programmatic Display
0.0,0.0,0.0,0.39612458996511535,0,Audience Type 3,Programmatic Display
0.0,0.0,0.0,0.39331039466674284,0,Audience Type 3,Programmatic Display
0.0,0.0,0.0,0.3903547586456648,0,Audience Type 3,Programmatic Display
0.0,0.0,0.0,0.3865294379979142,0,Audience Type 3,Programmatic Display
0.0,0.0,0.0,0.3817886849571072,0,Audience Type 3,Programmatic Display
0.0,0.0,0.0,0.3795803279898166,0,Audience Type 3,Programmatic Display
1.0,0.0,0.0,0.377466925927961,0,Audience Type 3,Programmatic Display
1.0,0.0,0.0,0.3740494411219769,0,Audience Type 3,Programmatic Display
1.0,0.0,0.0,0.3722191019273261,0,Audience Type 3,Programmatic Display
1.0,0.0,0.0,0.3700137297397951,0,Audience Type 3,Programmatic Display
1.0,0.0,0.0,0.369236893581603,0,Audience Type 3,Programmatic Display
57.0,0.0,0.0,0.36804272972077245,0,Audience Type 3,Programmatic Display
78.0,0.0,0.0,0.3661408826417346,0,Audience Type 3,Programmatic Display
196.0,0.0,0.0,0.36597159196965057,0,Audience Type 3,Programmatic Display
1287.0,0.0,0.0,0.36601320661800685,0,Audience Type 3,Programmatic Display
2326.0,0.0,0.0,0.36307672911289435,0,Audience Type 3,Programmatic Display
2357.0,0.0,0.0,0.3632139631210961,0,Audience Type 3,Programmatic Display
3041.0,0.0,0.0,0.3615917420305245,0,Audience Type 3,Programmatic Display
3595.0,0.0,0.0,0.3606143410162662,0,Audience Type 3,Programmatic Display
4484.0,0.0,0.0,0.35954569915264517,0,Audience Type 3,Programmatic Display
6220.0,0.0,0.0,0.35936713540753956,0,Audience Type 3,Programmatic Display
23138.0,0.0,0.0,0.35487441927476765,17,Audience Type 3,Programmatic Display
43179.0,1.0,0.0,0.3496146529021945,149,Audience Type 3,Programmatic Display
60681.0,1.0,0.0,0.34336831881916896,16,Audience Type 3,Programmatic Display
101846.0,1.0,0.0,0.3371652956689774,22,Audience Type 3,Programmatic Display
127135.0,1.0,0.0,0.3316816082354181,12,Audience Type 3,Programmatic Display
138823.0,1.0,0.0,0.32762747585431773,367,Audience Type 3,Programmatic Display
163554.0,1.0,0.0,0.32589186034324535,318,Audience Type 3,Programmatic Display
192524.0,2.0,0.0,0.32193598538391016,598,Audience Type 3,Programmatic Display
217017.0,2.0,0.0,0.31718580441287847,559,Audience Type 3,Programmatic Display
259090.0,4.0,0.0,0.3099578868837293,376,Audience Type 3,Programmatic Display
315268.0,4.0,0.0,0.30326786277281925,360,Audience Type 3,Programmatic Display
342320.0,6.0,0.0,0.2992017054094361,425,Audience Type 3,Programmatic Display
370040.0,6.0,0.0,0.29608474300084536,682,Audience Type 3,Programmatic Display
403888.0,7.0,0.0,0.2922364370912792,743,Audience Type 3,Programmatic Display
443198.0,7.0,0.0,0.2874951906175812,781,Audience Type 3,Programmatic Display
472991.0,7.0,0.0,0.28228523694740687,565,Audience Type 3,Programmatic Display
548476.0,7.0,0.0,0.2764852468770418,483,Audience Type 3,Programmatic Display
615499.0,8.0,0.0,0.27001237232492087,573,Audience Type 3,Programmatic Display
648386.0,8.0,0.0,0.2657315559552353,734,Audience Type 3,Programmatic Display
682885.0,10.0,0.0,0.2624207451444245,792,Audience Type 3,Programmatic Display
729091.0,10.0,0.0,0.2574133990166133,1209,Audience Type 3,Programmatic Display
753871.0,10.0,0.0,0.25425764028025605,1094,Audience Type 3,Programmatic Display
787905.0,10.0,0.0,0.251309360489871,918,Audience Type 3,Programmatic Display
838642.0,10.0,0.0,0.24534151237983395,582,Audience Type 3,Programmatic Display
921753.0,10.0,0.0,0.23973493260459872,922,Audience Type 3,Programmatic Display
943817.0,11.0,0.0,0.23542834090334547,704,Audience Type 3,Programmatic Display
976882.0,12.0,0.0,0.2330627385540389,921,Audience Type 3,Programmatic Display
1008141.0,12.0,0.0,0.23039956803319023,767,Audience Type 3,Programmatic Display
1041705.0,12.0,0.0,0.22784397292932615,871,Audience Type 3,Programmatic Display
1066610.0,12.0,0.0,0.22723264997362644,897,Audience Type 3,Programmatic Display
1097963.0,12.0,0.0,0.22954511760878898,407,Audience Type 3,Programmatic Display
1094577.0,11.0,0.0,0.23136917105374458,696,Audience Type 3,Programmatic Display
1084948.0,11.0,0.0,0.23544068320267716,722,Audience Type 3,Programmatic Display
1079926.0,14.0,2.0,0.23274578905066956,28,Audience Type 3,Programmatic Display
1083325.0,14.0,2.0,0.22958522620471428,41,Audience Type 3,Programmatic Display
1118451.0,18.0,2.0,0.2253217904974731,43,Audience Type 3,Programmatic Display
1112489.0,19.0,2.0,0.22189034533084656,57,Audience Type 3,Programmatic Display
1105293.0,18.0,2.0,0.21931435366572255,36,Audience Type 3,Programmatic Display
1106624.0,18.0,2.0,0.21586036726038457,112,Audience Type 3,Programmatic Display
1093460.0,17.0,2.0,0.21463730545343548,75,Audience Type 3,Programmatic Display
1043928.0,18.0,2.0,0.21216427422765857,27,Audience Type 3,Programmatic Display
1037785.0,16.0,2.0,0.20848541617951308,61,Audience Type 3,Programmatic Display
1021109.0,18.0,2.0,0.20442852460487987,103,Audience Type 3,Programmatic Display
999312.0,25.0,2.0,0.20059662567816908,14,Audience Type 3,Programmatic Display
977123.0,27.0,2.0,0.19829271151408406,3,Audience Type 3,Programmatic Display
956542.0,27.0,2.0,0.19545015853801248,2,Audience Type 3,Programmatic Display
893455.0,29.0,2.0,0.19256108404974767,12,Audience Type 3,Programmatic Display
841503.0,28.0,2.0,0.19030748984052961,84,Audience Type 3,Programmatic Display
831566.0,28.0,2.0,0.185440378148451,65,Audience Type 3,Programmatic Display
803669.0,26.0,2.0,0.17966166398971242,32,Audience Type 3,Programmatic Display
766587.0,26.0,2.0,0.17452538506161785,22,Audience Type 3,Programmatic Display
746732.0,26.0,2.0,0.1701938836061286,20,Audience Type 3,Programmatic Display
719473.0,30.0,2.0,0.16564004813845218,1,Audience Type 3,Programmatic Display
673814.0,30.0,2.0,0.162359622551063,26,Audience Type 3,Programmatic Display
609377.0,32.0,2.0,0.1599165837190997,53,Audience Type 3,Programmatic Display
597759.0,32.0,2.0,0.1544669474181572,27,Audience Type 3,Programmatic Display
565194.0,31.0,2.0,0.1530172947781682,4,Audience Type 3,Programmatic Display
533381.0,31.0,2.0,0.1529840275014103,0,Audience Type 3,Programmatic Display
498951.0,32.0,2.0,0.15410171316716328,0,Audience Type 3,Programmatic Display
474842.0,32.0,2.0,0.15415453035468868,2,Audience Type 3,Programmatic Display
445445.0,32.0,2.0,0.1517487380855137,10,Audience Type 3,Programmatic Display
444500.0,33.0,2.0,0.14911008124251296,7,Audience Type 3,Programmatic Display
446481.0,34.0,2.0,0.1445060129168862,7,Audience Type 3,Programmatic Display
434328.0,31.0,0.0,0.14672978362902628,31,Audience Type 3,Programmatic Display
412426.0,31.0,0.0,0.14868274943844434,5,Audience Type 3,Programmatic Display
372767.0,27.0,0.0,0.15054479573507204,9,Audience Type 3,Programmatic Display
358319.0,26.0,0.0,0.15192143184185863,7,Audience Type 3,Programmatic Display
349532.0,27.0,0.0,0.15127477270511494,16,Audience Type 3,Programmatic Display
336741.0,28.0,0.0,0.15207153267407725,13,Audience Type 3,Programmatic Display
325338.0,29.0,0.0,0.15240495223159858,4,Audience Type 3,Programmatic Display
328867.0,28.0,0.0,0.15405573223013483,8,Audience Type 3,Programmatic Display
321817.0,28.0,0.0,0.15598244461584967,8,Audience Type 3,Programmatic Display
323637.0,26.0,0.0,0.15791876070360958,6,Audience Type 3,Programmatic Display
317305.0,19.0,0.0,0.1605390551076538,2,Audience Type 3,Programmatic Display
309589.0,19.0,0.0,0.16117037218015215,19,Audience Type 3,Programmatic Display
307297.0,19.0,0.0,0.16207894064645767,29,Audience Type 3,Programmatic Display
301292.0,17.0,0.0,0.16445841866947936,44,Audience Type 3,Programmatic Display
287762.0,17.0,0.0,0.16995971905052937,0,Audience Type 3,Programmatic Display
269021.0,17.0,0.0,0.17595517304342362,4,Audience Type 3,Programmatic Display
263531.0,17.0,0.0,0.18428994201628152,5,Audience Type 3,Programmatic Display
254900.0,17.0,0.0,0.19106849620159766,3,Audience Type 3,Programmatic Display
249954.0,17.0,0.0,0.19643061467008816,0,Audience Type 3,Programmatic Display
244342.0,13.0,0.0,0.20157759967828257,9,Audience Type 3,Programmatic Display
239761.0,13.0,0.0,0.20805935568870465,0,Audience Type 3,Programmatic Display
222400.0,11.0,0.0,0.21369120599538097,0,Audience Type 3,Programmatic Display
211923.0,10.0,0.0,0.21979447690843448,3,Audience Type 3,Programmatic Display
210745.0,10.0,0.0,0.22219928888257826,2,Audience Type 3,Programmatic Display
214258.0,10.0,0.0,0.22438815772531837,0,Audience Type 3,Programmatic Display
214238.0,9.0,0.0,0.22437630827335556,0,Audience Type 3,Programmatic Display
214648.0,9.0,0.0,0.2242004753604922,27,Audience Type 3,Programmatic Display
195958.0,10.0,0.0,0.22854444429982632,7,Audience Type 3,Programmatic Display
180639.0,10.0,0.0,0.23460097947904965,5,Audience Type 3,Programmatic Display
170797.0,9.0,0.0,0.24034161260295125,5,Audience Type 3,Programmatic Display
147147.0,9.0,0.0,0.2471190795330282,0,Audience Type 3,Programmatic Display
140603.0,9.0,0.0,0.2536923351912577,0,Audience Type 3,Programmatic Display
133448.0,9.0,0.0,0.25988465000280525,1,Audience Type 3,Programmatic Display
129127.0,9.0,0.0,0.26574834203355496,22,Audience Type 3,Programmatic Display
117530.0,8.0,0.0,0.27248936687532926,18,Audience Type 3,Programmatic Display
120366.0,9.0,0.0,0.2741705531844917,0,Audience Type 3,Programmatic Display
128546.0,7.0,0.0,0.2754915701913703,3,Audience Type 3,Programmatic Display
143364.0,7.0,0.0,0.27713691955120906,6,Audience Type 3,Programmatic Display
166925.0,7.0,0.0,0.27813331038640193,5,Audience Type 3,Programmatic Display
201301.0,8.0,0.0,0.27849966130541576,22,Audience Type 3,Programmatic Display
224189.0,7.0,0.0,0.27831471870683483,15,Audience Type 3,Programmatic Display
247022.0,5.0,0.0,0.27887512933664327,8,Audience Type 3,Programmatic Display
270694.0,5.0,0.0,0.2797279709127895,22,Audience Type 3,Programmatic Display
286788.0,5.0,0.0,0.28016566580801083,11,Audience Type 3,Programmatic Display
308058.0,5.0,0.0,0.2775236924992601,7,Audience Type 3,Programmatic Display
338856.0,5.0,0.0,0.2749922737727856,22,Audience Type 3,Programmatic Display
385715.0,5.0,0.0,0.2692926466972045,45,Audience Type 3,Programmatic Display
415923.0,5.0,0.0,0.26538082354439313,54,Audience Type 3,Programmatic Display
444273.0,5.0,0.0,0.26183418853818935,6,Audience Type 3,Programmatic Display
466002.0,6.0,0.0,0.25888489022781397,45,Audience Type 3,Programmatic Display
491901.0,7.0,0.0,0.25563858793332966,36,Audience Type 3,Programmatic Display
524929.0,7.0,0.0,0.2530138526240048,51,Audience Type 3,Programmatic Display
567158.0,7.0,0.0,0.2506662123415819,22,Audience Type 3,Programmatic Display
605107.0,8.0,0.0,0.24738831739702025,34,Audience Type 3,Programmatic Display
620056.0,8.0,0.0,0.2423784257382558,6,Audience Type 3,Programmatic Display
638574.0,9.0,0.0,0.23852276814469803,10,Audience Type 3,Programmatic Display
671998.0,9.0,0.0,0.2343942661458845,7,Audience Type 3,Programmatic Display
702341.0,8.0,0.0,0.23062788091957565,24,Audience Type 3,Programmatic Display
717693.0,7.0,0.0,0.22719680783956633,15,Audience Type 3,Programmatic Display
750608.0,7.0,0.0,0.22355822754435956,26,Audience Type 3,Programmatic Display
764035.0,7.0,0.0,0.2184238886842033,24,Audience Type 3,Programmatic Display
823914.0,7.0,0.0,0.21283330346113166,61,Audience Type 3,Programmatic Display
881725.0,7.0,0.0,0.20655683301858857,53,Audience Type 3,Programmatic Display
967504.0,7.0,0.0,0.19937514522006966,43,Audience Type 3,Programmatic Display
1007934.0,15.0,0.0,0.19297534804392208,78,Audience Type 3,Programmatic Display
1073566.0,13.0,0.0,0.19087042735302123,35,Audience Type 3,Programmatic Display
1106952.0,13.0,0.0,0.18901855666828293,61,Audience Type 3,Programmatic Display
1161850.0,16.0,0.0,0.18666592267070597,67,Audience Type 3,Programmatic Display
1166552.0,19.0,0.0,0.1847696296756291,103,Audience Type 3,Programmatic Display
1146270.0,20.0,0.0,0.1861240919527537,30,Audience Type 3,Programmatic Display
1185313.0,22.0,0.0,0.18712931143585637,161,Audience Type 3,Programmatic Display
1209302.0,22.0,0.0,0.18749948049177872,134,Audience Type 3,Programmatic Display
1249355.0,23.0,0.0,0.18691935681459743,182,Audience Type 3,Programmatic Display
1302205.0,23.0,0.0,0.1864383864759692,129,Audience Type 3,Programmatic Display
1361144.0,28.0,0.0,0.18556268535968726,117,Audience Type 3,Programmatic Display
1380972.0,28.0,0.0,0.1844263775745671,163,Audience Type 3,Programmatic Display
1430414.0,45.0,0.0,0.1841886702513595,244,Audience Type 3,Programmatic Display
1501530.0,52.0,0.0,0.18392441690813316,113,Audience Type 3,Programmatic Display
289024.0,351.0,7.0,0.22784397292932615,0,Audience Type 2,Social
311142.0,361.0,7.0,0.22723264997362644,2,Audience Type 2,Social
332012.0,365.0,6.0,0.22954511760878898,0,Audience Type 2,Social
356327.0,372.0,4.0,0.23136917105374458,0,Audience Type 2,Social
388796.0,353.0,4.0,0.23544068320267716,0,Audience Type 2,Social
403744.0,348.0,4.0,0.23274578905066956,6,Audience Type 2,Social
414579.0,328.0,4.0,0.22958522620471428,4,Audience Type 2,Social
426340.0,323.0,4.0,0.2253217904974731,12,Audience Type 2,Social
432318.0,305.0,1.0,0.22189034533084656,3,Audience Type 2,Social
434453.0,291.0,1.0,0.21931435366572255,4,Audience Type 2,Social
443164.0,282.0,1.0,0.21586036726038457,10,Audience Type 2,Social
439998.0,276.0,1.0,0.21463730545343548,8,Audience Type 2,Social
434060.0,243.0,1.0,0.21216427422765857,25,Audience Type 2,Social
424890.0,235.0,1.0,0.20848541617951308,18,Audience Type 2,Social
419280.0,220.0,1.0,0.20442852460487987,8,Audience Type 2,Social
411094.0,216.0,1.0,0.20059662567816908,4,Audience Type 2,Social
412018.0,214.0,1.0,0.19829271151408406,0,Audience Type 2,Social
419900.0,211.0,1.0,0.19545015853801248,0,Audience Type 2,Social
429302.0,203.0,1.0,0.19256108404974767,29,Audience Type 2,Social
437710.0,204.0,1.0,0.19030748984052961,5,Audience Type 2,Social
446001.0,196.0,1.0,0.185440378148451,42,Audience Type 2,Social
444913.0,202.0,1.0,0.17966166398971242,17,Audience Type 2,Social
449502.0,197.0,1.0,0.17452538506161785,1,Audience Type 2,Social
461141.0,198.0,6.0,0.1701938836061286,19,Audience Type 2,Social
473837.0,192.0,6.0,0.16564004813845218,0,Audience Type 2,Social
486485.0,170.0,5.0,0.162359622551063,8,Audience Type 2,Social
488107.0,165.0,5.0,0.1599165837190997,5,Audience Type 2,Social
490287.0,159.0,5.0,0.1544669474181572,3,Audience Type 2,Social
483809.0,152.0,5.0,0.1530172947781682,4,Audience Type 2,Social
487700.0,152.0,5.0,0.1529840275014103,5,Audience Type 2,Social
483533.0,154.0,5.0,0.15410171316716328,7,Audience Type 2,Social
484870.0,145.0,5.0,0.15415453035468868,33,Audience Type 2,Social
472823.0,144.0,5.0,0.1517487380855137,7,Audience Type 2,Social
459498.0,142.0,5.0,0.14911008124251296,26,Audience Type 2,Social
455265.0,144.0,5.0,0.1445060129168862,9,Audience Type 2,Social
462569.0,145.0,5.0,0.14672978362902628,17,Audience Type 2,Social
476373.0,152.0,5.0,0.14868274943844434,16,Audience Type 2,Social
466593.0,149.0,5.0,0.15054479573507204,5,Audience Type 2,Social
468077.0,176.0,5.0,0.15192143184185863,0,Audience Type 2,Social
462642.0,187.0,5.0,0.15127477270511494,8,Audience Type 2,Social
459166.0,205.0,5.0,0.15207153267407725,8,Audience Type 2,Social
456899.0,214.0,5.0,0.15240495223159858,11,Audience Type 2,Social
457732.0,222.0,5.0,0.15405573223013483,22,Audience Type 2,Social
459011.0,229.0,5.0,0.15598244461584967,17,Audience Type 2,Social
458853.0,242.0,5.0,0.15791876070360958,3,Audience Type 2,Social
456515.0,249.0,5.0,0.1605390551076538,8,Audience Type 2,Social
442460.0,259.0,5.0,0.16117037218015215,14,Audience Type 2,Social
428454.0,262.0,5.0,0.16207894064645767,4,Audience Type 2,Social
414389.0,283.0,5.0,0.16445841866947936,2,Audience Type 2,Social
402216.0,295.0,6.0,0.16995971905052937,42,Audience Type 2,Social
381237.0,293.0,6.0,0.17595517304342362,10,Audience Type 2,Social
372581.0,295.0,6.0,0.18428994201628152,12,Audience Type 2,Social
355130.0,292.0,6.0,0.19106849620159766,3,Audience Type 2,Social
330801.0,291.0,1.0,0.19643061467008816,3,Audience Type 2,Social
312562.0,283.0,1.0,0.20157759967828257,0,Audience Type 2,Social
286012.0,294.0,1.0,0.20805935568870465,5,Audience Type 2,Social
287357.0,300.0,1.0,0.21369120599538097,9,Audience Type 2,Social
271808.0,312.0,1.0,0.21979447690843448,54,Audience Type 2,Social
255940.0,343.0,1.0,0.22219928888257826,18,Audience Type 2,Social
238238.0,374.0,1.0,0.22438815772531837,0,Audience Type 2,Social
220215.0,383.0,1.0,0.22437630827335556,3,Audience Type 2,Social
197373.0,396.0,1.0,0.2242004753604922,5,Audience Type 2,Social
188649.0,412.0,1.0,0.22854444429982632,23,Audience Type 2,Social
181852.0,412.0,1.0,0.23460097947904965,8,Audience Type 2,Social
168557.0,428.0,1.0,0.24034161260295125,2,Audience Type 2,Social
146183.0,447.0,2.0,0.2471190795330282,6,Audience Type 2,Social
126992.0,482.0,3.0,0.2536923351912577,9,Audience Type 2,Social
124901.0,500.0,3.0,0.25988465000280525,8,Audience Type 2,Social
117682.0,508.0,3.0,0.26574834203355496,42,Audience Type 2,Social
117587.0,521.0,3.0,0.27248936687532926,10,Audience Type 2,Social
111831.0,522.0,3.0,0.2741705531844917,12,Audience Type 2,Social
107934.0,555.0,5.0,0.2754915701913703,22,Audience Type 2,Social
104734.0,577.0,7.0,0.27713691955120906,4,Audience Type 2,Social
109865.0,609.0,7.0,0.27813331038640193,12,Audience Type 2,Social
108335.0,611.0,7.0,0.27849966130541576,10,Audience Type 2,Social
114192.0,610.0,7.0,0.27831471870683483,25,Audience Type 2,Social
114946.0,617.0,7.0,0.27887512933664327,7,Audience Type 2,Social
114973.0,643.0,7.0,0.2797279709127895,18,Audience Type 2,Social
108717.0,635.0,7.0,0.28016566580801083,6,Audience Type 2,Social
104554.0,643.0,6.0,0.2775236924992601,9,Audience Type 2,Social
102889.0,671.0,6.0,0.2749922737727856,6,Audience Type 2,Social
99595.0,677.0,6.0,0.2692926466972045,12,Audience Type 2,Social
104815.0,695.0,6.0,0.26538082354439313,30,Audience Type 2,Social
103801.0,713.0,6.0,0.26183418853818935,1,Audience Type 2,Social
98439.0,743.0,7.0,0.25888489022781397,26,Audience Type 2,Social
106719.0,746.0,9.0,0.25563858793332966,9,Audience Type 2,Social
89597.0,772.0,9.0,0.2530138526240048,1,Audience Type 2,Social
95061.0,774.0,9.0,0.2506662123415819,8,Audience Type 2,Social
103646.0,785.0,9.0,0.24738831739702025,6,Audience Type 2,Social
103145.0,764.0,9.0,0.2423784257382558,15,Audience Type 2,Social
103397.0,777.0,9.0,0.23852276814469803,0,Audience Type 2,Social
104702.0,775.0,9.0,0.2343942661458845,1,Audience Type 2,Social
120223.0,765.0,9.0,0.23062788091957565,0,Audience Type 2,Social
121684.0,802.0,10.0,0.22719680783956633,20,Audience Type 2,Social
107805.0,819.0,10.0,0.22355822754435956,17,Audience Type 2,Social
109731.0,809.0,9.0,0.2184238886842033,1,Audience Type 2,Social
104644.0,787.0,8.0,0.21283330346113166,0,Audience Type 2,Social
107913.0,772.0,8.0,0.20655683301858857,12,Audience Type 2,Social
107967.0,756.0,10.0,0.19937514522006966,4,Audience Type 2,Social
106091.0,752.0,11.0,0.19297534804392208,5,Audience Type 2,Social
102526.0,753.0,13.0,0.19087042735302123,12,Audience Type 2,Social
104165.0,743.0,11.0,0.18901855666828293,2,Audience Type 2,Social
104154.0,730.0,9.0,0.18666592267070597,25,Audience Type 2,Social
94389.0,709.0,9.0,0.1847696296756291,0,Audience Type 2,Social
105045.0,698.0,9.0,0.1861240919527537,2,Audience Type 2,Social
98237.0,713.0,9.0,0.18712931143585637,0,Audience Type 2,Social
96890.0,722.0,9.0,0.18749948049177872,8,Audience Type 2,Social
96117.0,712.0,11.0,0.18691935681459743,0,Audience Type 2,Social
105057.0,728.0,11.0,0.1864383864759692,21,Audience Type 2,Social
102457.0,725.0,11.0,0.18556268535968726,19,Audience Type 2,Social
103204.0,713.0,11.0,0.1844263775745671,87,Audience Type 2,Social
103077.0,706.0,11.0,0.1841886702513595,14,Audience Type 2,Social
98474.0,705.0,11.0,0.18392441690813316,17,Audience Type 2,Social
355103.0,837.0,53.0,0.22723264997362644,0,Audience Type 3,Social
357134.0,840.0,53.0,0.22954511760878898,0,Audience Type 3,Social
358731.0,846.0,52.0,0.23136917105374458,0,Audience Type 3,Social
357217.0,815.0,52.0,0.23544068320267716,7,Audience Type 3,Social
373789.0,793.0,48.0,0.23274578905066956,8,Audience Type 3,Social
395890.0,868.0,63.0,0.22958522620471428,22,Audience Type 3,Social
409269.0,860.0,70.0,0.2253217904974731,0,Audience Type 3,Social
421921.0,853.0,75.0,0.22189034533084656,0,Audience Type 3,Social
429068.0,879.0,75.0,0.21931435366572255,0,Audience Type 3,Social
426138.0,903.0,82.0,0.21586036726038457,1,Audience Type 3,Social
421237.0,970.0,75.0,0.21463730545343548,10,Audience Type 3,Social
402041.0,953.0,75.0,0.21216427422765857,4,Audience Type 3,Social
383385.0,956.0,75.0,0.20848541617951308,0,Audience Type 3,Social
389888.0,965.0,75.0,0.20442852460487987,3,Audience Type 3,Social
401892.0,984.0,74.0,0.20059662567816908,0,Audience Type 3,Social
405232.0,960.0,66.0,0.19829271151408406,4,Audience Type 3,Social
406044.0,977.0,64.0,0.19545015853801248,0,Audience Type 3,Social
404729.0,1002.0,62.0,0.19256108404974767,0,Audience Type 3,Social
410136.0,1038.0,62.0,0.19030748984052961,15,Audience Type 3,Social
413865.0,1052.0,58.0,0.185440378148451,0,Audience Type 3,Social
420350.0,1106.0,63.0,0.17966166398971242,0,Audience Type 3,Social
422416.0,1146.0,62.0,0.17452538506161785,0,Audience Type 3,Social
424437.0,1216.0,66.0,0.1701938836061286,0,Audience Type 3,Social
426357.0,1279.0,67.0,0.16564004813845218,0,Audience Type 3,Social
430835.0,1330.0,65.0,0.162359622551063,0,Audience Type 3,Social
432211.0,1370.0,68.0,0.1599165837190997,20,Audience Type 3,Social
431324.0,1390.0,68.0,0.1544669474181572,0,Audience Type 3,Social
431269.0,1435.0,66.0,0.1530172947781682,0,Audience Type 3,Social
427548.0,1437.0,68.0,0.1529840275014103,2,Audience Type 3,Social
422427.0,1446.0,68.0,0.15410171316716328,0,Audience Type 3,Social
416557.0,1477.0,113.0,0.15415453035468868,0,Audience Type 3,Social
419932.0,1498.0,119.0,0.1517487380855137,0,Audience Type 3,Social
425394.0,1588.0,124.0,0.14911008124251296,0,Audience Type 3,Social
442082.0,1678.0,126.0,0.1445060129168862,0,Audience Type 3,Social
431698.0,1720.0,129.0,0.14672978362902628,0,Audience Type 3,Social
421977.0,1729.0,129.0,0.14868274943844434,0,Audience Type 3,Social
412226.0,1761.0,125.0,0.15054479573507204,0,Audience Type 3,Social
416147.0,1804.0,119.0,0.15192143184185863,0,Audience Type 3,Social
413306.0,1843.0,123.0,0.15127477270511494,0,Audience Type 3,Social
420886.0,1838.0,116.0,0.15207153267407725,0,Audience Type 3,Social
421324.0,1795.0,127.0,0.15240495223159858,0,Audience Type 3,Social
430438.0,1835.0,131.0,0.15405573223013483,0,Audience Type 3,Social
430631.0,1881.0,137.0,0.15598244461584967,0,Audience Type 3,Social
434089.0,1884.0,144.0,0.15791876070360958,0,Audience Type 3,Social
433687.0,1887.0,142.0,0.1605390551076538,0,Audience Type 3,Social
427188.0,1914.0,142.0,0.16117037218015215,0,Audience Type 3,Social
428335.0,1907.0,142.0,0.16207894064645767,0,Audience Type 3,Social
425429.0,1874.0,145.0,0.16445841866947936,0,Audience Type 3,Social
416635.0,1826.0,145.0,0.16995971905052937,0,Audience Type 3,Social
415836.0,1816.0,143.0,0.17595517304342362,0,Audience Type 3,Social
411091.0,1781.0,155.0,0.18428994201628152,0,Audience Type 3,Social
409782.0,1792.0,155.0,0.19106849620159766,0,Audience Type 3,Social
404837.0,1761.0,155.0,0.19643061467008816,0,Audience Type 3,Social
403460.0,1734.0,154.0,0.20157759967828257,0,Audience Type 3,Social
397497.0,1724.0,154.0,0.20805935568870465,0,Audience Type 3,Social
395648.0,1693.0,150.0,0.21369120599538097,0,Audience Type 3,Social
391324.0,1673.0,149.0,0.21979447690843448,0,Audience Type 3,Social
387602.0,1645.0,149.0,0.22219928888257826,0,Audience Type 3,Social
385595.0,1675.0,147.0,0.22438815772531837,0,Audience Type 3,Social
391463.0,1715.0,150.0,0.22437630827335556,0,Audience Type 3,Social
396474.0,1701.0,106.0,0.2242004753604922,0,Audience Type 3,Social
392009.0,1682.0,101.0,0.22854444429982632,0,Audience Type 3,Social
385061.0,1594.0,94.0,0.23460097947904965,0,Audience Type 3,Social
377846.0,1569.0,92.0,0.24034161260295125,0,Audience Type 3,Social
377728.0,1616.0,95.0,0.2471190795330282,0,Audience Type 3,Social
375178.0,1613.0,81.0,0.2536923351912577,0,Audience Type 3,Social
381421.0,1627.0,78.0,0.25988465000280525,0,Audience Type 3,Social
380023.0,1642.0,79.0,0.26574834203355496,0,Audience Type 3,Social
386331.0,1621.0,76.0,0.27248936687532926,0,Audience Type 3,Social
386934.0,1628.0,76.0,0.2741705531844917,0,Audience Type 3,Social
385337.0,1609.0,66.0,0.2754915701913703,0,Audience Type 3,Social
390236.0,1611.0,62.0,0.27713691955120906,0,Audience Type 3,Social
390592.0,1565.0,56.0,0.27813331038640193,0,Audience Type 3,Social
387697.0,1565.0,50.0,0.27849966130541576,0,Audience Type 3,Social
376492.0,1533.0,50.0,0.27831471870683483,0,Audience Type 3,Social
385908.0,1555.0,50.0,0.27887512933664327,0,Audience Type 3,Social
390509.0,1562.0,53.0,0.2797279709127895,0,Audience Type 3,Social
389091.0,1549.0,47.0,0.28016566580801083,0,Audience Type 3,Social
398938.0,1580.0,51.0,0.2775236924992601,0,Audience Type 3,Social
400571.0,1560.0,53.0,0.2749922737727856,0,Audience Type 3,Social
413439.0,1575.0,34.0,0.2692926466972045,0,Audience Type 3,Social
416700.0,1558.0,36.0,0.26538082354439313,0,Audience Type 3,Social
431096.0,1571.0,35.0,0.26183418853818935,0,Audience Type 3,Social
436250.0,1562.0,36.0,0.25888489022781397,0,Audience Type 3,Social
440602.0,1536.0,33.0,0.25563858793332966,3,Audience Type 3,Social
445219.0,1563.0,33.0,0.2530138526240048,0,Audience Type 3,Social
449631.0,1585.0,34.0,0.2506662123415819,0,Audience Type 3,Social
458072.0,1564.0,35.0,0.24738831739702025,0,Audience Type 3,Social
464673.0,1537.0,36.0,0.2423784257382558,0,Audience Type 3,Social
456434.0,1484.0,33.0,0.23852276814469803,0,Audience Type 3,Social
449086.0,1471.0,33.0,0.2343942661458845,24,Audience Type 3,Social
447592.0,1473.0,32.0,0.23062788091957565,0,Audience Type 3,Social
444450.0,1490.0,32.0,0.22719680783956633,0,Audience Type 3,Social
436499.0,1450.0,33.0,0.22355822754435956,0,Audience Type 3,Social
423922.0,1366.0,28.0,0.2184238886842033,0,Audience Type 3,Social
407099.0,1267.0,27.0,0.21283330346113166,2,Audience Type 3,Social
405099.0,1213.0,30.0,0.20655683301858857,8,Audience Type 3,Social
400471.0,1149.0,33.0,0.19937514522006966,0,Audience Type 3,Social
399159.0,1122.0,35.0,0.19297534804392208,20,Audience Type 3,Social
399373.0,1106.0,37.0,0.19087042735302123,0,Audience Type 3,Social
401396.0,1094.0,37.0,0.18901855666828293,1,Audience Type 3,Social
395413.0,1078.0,38.0,0.18666592267070597,1,Audience Type 3,Social
402317.0,1080.0,42.0,0.1847696296756291,0,Audience Type 3,Social
397512.0,1068.0,41.0,0.1861240919527537,0,Audience Type 3,Social
408467.0,1082.0,42.0,0.18712931143585637,0,Audience Type 3,Social
398221.0,1045.0,42.0,0.18749948049177872,4,Audience Type 3,Social
391866.0,1019.0,39.0,0.18691935681459743,0,Audience Type 3,Social
387849.0,1003.0,39.0,0.1864383864759692,0,Audience Type 3,Social
385676.0,991.0,35.0,0.18556268535968726,0,Audience Type 3,Social
383287.0,992.0,32.0,0.1844263775745671,0,Audience Type 3,Social
376268.0,974.0,37.0,0.1841886702513595,1,Audience Type 3,Social
377924.0,967.0,35.0,0.18392441690813316,0,Audience Type 3,Social
