VideoCompletes,SocialLikes,SocialShares,conversion,CampaignID,AdDigitalChannel
96310,0,0,4,4,Programmatic Display
97747,0,0,4,4,Programmatic Display
95799,0,0,4,4,Programmatic Display
96037,0,0,0,4,Programmatic Display
90498,0,0,4,4,Programmatic Display
85240,5,2,0,4,Programmatic Display
76601,5,2,0,4,Programmatic Display
76168,5,2,0,4,Programmatic Display
75699,5,2,0,4,Programmatic Display
74806,5,2,0,4,Programmatic Display
73262,5,2,0,4,Programmatic Display
71069,5,2,0,4,Programmatic Display
71061,5,2,0,4,Programmatic Display
70479,5,2,0,4,Programmatic Display
69006,5,2,0,4,Programmatic Display
67772,5,2,0,4,Programmatic Display
65922,5,2,1,4,Programmatic Display
64640,5,2,0,4,Programmatic Display
63142,5,2,0,4,Programmatic Display
59521,5,2,12,4,Programmatic Display
34597,5,2,0,4,Programmatic Display
34277,5,2,0,4,Programmatic Display
32147,5,2,0,4,Programmatic Display
31037,5,2,1,4,Programmatic Display
33191,5,2,2,4,Programmatic Display
33305,5,2,2,4,Programmatic Display
28840,5,2,0,4,Programmatic Display
22373,5,2,1,4,Programmatic Display
22519,5,2,0,4,Programmatic Display
25038,5,2,10,4,Programmatic Display
24659,5,2,4,4,Programmatic Display
26104,5,2,3,4,Programmatic Display
29305,5,2,5,4,Programmatic Display
28831,5,2,1,4,Programmatic Display
29954,5,2,0,4,Programmatic Display
31132,0,0,1,4,Programmatic Display
32355,0,0,2,4,Programmatic Display
33740,0,0,1,4,Programmatic Display
34726,0,0,5,4,Programmatic Display
37207,0,0,17,4,Programmatic Display
40785,0,0,4,4,Programmatic Display
42794,0,0,8,4,Programmatic Display
42878,0,0,2,4,Programmatic Display
43351,0,0,1,4,Programmatic Display
47161,0,0,29,4,Programmatic Display
49802,0,0,9,4,Programmatic Display
52404,0,0,7,4,Programmatic Display
56030,0,0,15,4,Programmatic Display
56372,0,0,0,4,Programmatic Display
57725,0,0,3,4,Programmatic Display
58751,0,0,6,4,Programmatic Display
65111,0,0,30,4,Programmatic Display
66553,0,0,7,4,Programmatic Display
68095,0,0,9,4,Programmatic Display
71326,0,0,23,4,Programmatic Display
72183,0,0,0,4,Programmatic Display
73564,0,0,0,4,Programmatic Display
75423,0,0,0,4,Programmatic Display
76740,0,0,0,4,Programmatic Display
76962,0,0,0,4,Programmatic Display
78322,0,0,0,4,Programmatic Display
77577,0,0,45,4,Programmatic Display
78371,0,0,22,4,Programmatic Display
79081,0,0,22,4,Programmatic Display
132532,0,0,35,4,Programmatic Display
155566,0,0,31,4,Programmatic Display
189117,0,0,81,4,Programmatic Display
262942,3,0,256,4,Programmatic Display
294401,3,0,78,4,Programmatic Display
322159,3,0,59,4,Programmatic Display
395869,3,0,83,4,Programmatic Display
474707,4,0,48,4,Programmatic Display
578392,5,0,64,4,Programmatic Display
695789,7,0,152,4,Programmatic Display
830154,8,0,40,4,Programmatic Display
917535,8,0,41,4,Programmatic Display
997169,8,0,61,4,Programmatic Display
1110016,8,0,212,4,Programmatic Display
1207186,8,0,102,4,Programmatic Display
1296916,8,0,131,4,Programmatic Display
1441863,8,0,120,4,Programmatic Display
1631467,8,0,93,4,Programmatic Display
1725138,8,0,47,4,Programmatic Display
1821748,8,0,67,4,Programmatic Display
1910672,8,0,92,4,Programmatic Display
1994024,8,0,99,4,Programmatic Display
2093625,8,0,156,4,Programmatic Display
2196571,10,0,147,4,Programmatic Display
2377824,11,0,127,4,Programmatic Display
2439492,11,0,34,4,Programmatic Display
2521726,11,0,46,4,Programmatic Display
2596960,11,0,65,4,Programmatic Display
2661504,11,0,102,4,Programmatic Display
2726467,11,0,30,4,Programmatic Display
2741310,11,0,41,4,Programmatic Display
2743181,11,0,149,4,Programmatic Display
2711868,11,0,39,4,Programmatic Display
2714574,8,0,45,4,Programmatic Display
2736237,8,0,110,4,Programmatic Display
2768354,9,0,28,4,Programmatic Display
2747487,13,0,13,4,Programmatic Display
2816400,12,0,11,4,Programmatic Display
2867867,11,0,23,4,Programmatic Display
2865287,9,0,16,4,Programmatic Display
2843187,8,0,4,4,Programmatic Display
2903253,8,0,25,4,Programmatic Display
2925830,8,0,22,4,Programmatic Display
2929062,9,0,8,4,Programmatic Display
2948707,10,0,25,4,Programmatic Display
2974234,10,0,5,4,Programmatic Display
2933902,10,0,11,4,Programmatic Display
2871501,10,0,61,4,Programmatic Display
2959097,12,0,62,4,Programmatic Display
3044206,12,0,40,4,Programmatic Display
3103716,12,0,25,4,Programmatic Display
3198184,12,0,24,4,Programmatic Display
3257274,12,0,16,4,Programmatic Display
3392282,10,0,69,4,Programmatic Display
3449792,11,0,69,4,Programmatic Display
3557678,11,0,32,4,Programmatic Display
3473294,11,0,1,4,Programmatic Display
3395923,11,0,6,4,Programmatic Display
3326226,11,0,11,4,Programmatic Display
3259096,13,0,10,4,Programmatic Display
3204460,13,0,2,4,Programmatic Display
3251807,14,0,5,4,Programmatic Display
3316206,15,0,29,4,Programmatic Display
3328133,15,0,59,4,Programmatic Display
3351713,15,0,23,4,Programmatic Display
3345493,14,0,4,4,Programmatic Display
3382185,10,0,28,4,Programmatic Display
3306826,10,0,15,4,Programmatic Display
3219586,10,0,3,4,Programmatic Display
3179476,10,0,21,4,Programmatic Display
3140916,10,0,4,4,Programmatic Display
3056464,10,0,63,4,Programmatic Display
3148781,10,0,13,4,Programmatic Display
3233914,10,0,64,4,Programmatic Display
3317924,9,0,35,4,Programmatic Display
3468093,11,0,25,4,Programmatic Display
3627919,11,0,30,4,Programmatic Display
3495585,17,0,2,4,Programmatic Display
3316244,15,0,3,4,Programmatic Display
3132399,15,0,0,4,Programmatic Display
2978175,15,0,0,4,Programmatic Display
2803806,15,0,0,4,Programmatic Display
2641663,15,0,2,4,Programmatic Display
2397477,24,0,4,4,Programmatic Display
2156382,22,0,2,4,Programmatic Display
1982498,22,0,0,4,Programmatic Display
1982160,22,0,4,4,Programmatic Display
1982160,22,0,0,4,Programmatic Display
1982357,22,0,10,4,Programmatic Display
1991313,20,0,1,4,Programmatic Display
1976608,20,0,0,4,Programmatic Display
1902698,19,0,0,4,Programmatic Display
1834838,18,0,0,4,Programmatic Display
1744995,18,0,0,4,Programmatic Display
1667549,18,0,0,4,Programmatic Display
1611413,18,0,0,4,Programmatic Display
1522316,18,0,15,4,Programmatic Display
1447922,18,0,31,4,Programmatic Display
1598427,18,0,17,4,Programmatic Display
1788077,18,0,23,4,Programmatic Display
1978236,18,0,30,4,Programmatic Display
2149369,18,0,28,4,Programmatic Display
2244244,18,0,26,4,Programmatic Display
2333995,18,0,31,4,Programmatic Display
2364075,18,0,23,4,Programmatic Display
2370156,16,0,32,4,Programmatic Display
2388245,16,0,29,4,Programmatic Display
2643994,11,0,32,4,Programmatic Display
2892704,11,0,33,4,Programmatic Display
3143471,11,0,36,4,Programmatic Display
3413765,11,0,25,4,Programmatic Display
3654135,13,0,68,4,Programmatic Display
3935294,13,0,35,4,Programmatic Display
4172436,4,0,66,4,Programmatic Display
4435728,4,0,35,4,Programmatic Display
4720474,5,0,33,4,Programmatic Display
5018168,5,0,45,4,Programmatic Display
5261899,5,0,30,4,Programmatic Display
5514395,8,0,36,4,Programmatic Display
5784975,8,0,57,4,Programmatic Display
6039849,9,1,21,4,Programmatic Display
6289977,9,1,37,4,Programmatic Display
6576945,14,1,54,4,Programmatic Display
6857429,14,1,62,4,Programmatic Display
7117683,16,1,57,4,Programmatic Display
7389853,18,1,49,4,Programmatic Display
7654250,18,1,62,4,Programmatic Display
7958901,20,1,50,4,Programmatic Display
8006270,22,1,23,4,Programmatic Display
8006536,22,1,53,4,Programmatic Display
8034602,23,1,77,4,Programmatic Display
7928235,25,1,190,4,Programmatic Display
7736512,28,1,57,4,Programmatic Display
7590535,27,1,139,4,Programmatic Display
7501747,27,1,113,4,Programmatic Display
7374709,30,1,93,4,Programmatic Display
7225328,30,1,65,4,Programmatic Display
7128145,29,1,81,4,Programmatic Display
7009465,29,1,112,4,Programmatic Display
6940519,29,1,178,4,Programmatic Display
6856668,29,1,108,4,Programmatic Display
31495,10,0,152,1,Search
31493,10,0,355,1,Search
32669,10,0,166,1,Search
32669,10,0,285,1,Search
28188,10,0,191,1,Search
31148,11,0,103,1,Search
28797,8,0,136,1,Search
26712,8,0,97,1,Search
26724,8,0,2,1,Search
24721,8,0,30,1,Search
25247,8,0,31,1,Search
25191,8,0,52,1,Search
24431,8,0,124,1,Search
23727,11,0,112,1,Search
23493,11,0,13,1,Search
23178,11,0,52,1,Search
24022,11,0,129,1,Search
24304,11,0,59,1,Search
25701,11,0,51,1,Search
26153,11,0,52,1,Search
26688,11,0,68,1,Search
27847,11,0,82,1,Search
30825,9,0,85,1,Search
30242,9,0,37,1,Search
30888,9,0,61,1,Search
25150,9,0,108,1,Search
28878,4,0,62,1,Search
29874,4,0,50,1,Search
37785,4,0,41,1,Search
36625,4,0,64,1,Search
36625,13,0,27,1,Search
37331,13,0,38,1,Search
36249,13,0,31,1,Search
36249,13,0,64,1,Search
36019,13,0,43,1,Search
33049,12,0,133,1,Search
34219,14,0,123,1,Search
34228,14,0,75,1,Search
34458,16,0,128,1,Search
35557,16,0,176,1,Search
34735,16,0,160,1,Search
39486,16,0,116,1,Search
38945,16,0,130,1,Search
39381,13,0,75,1,Search
41147,13,0,97,1,Search
41609,13,0,81,1,Search
40765,13,0,89,1,Search
45178,13,0,66,1,Search
43893,14,0,66,1,Search
46286,14,0,66,1,Search
45765,16,0,117,1,Search
45665,18,0,172,1,Search
42679,18,0,124,1,Search
43371,18,0,53,1,Search
42713,18,0,142,1,Search
42823,18,0,77,1,Search
37516,18,0,248,1,Search
38107,18,0,193,1,Search
30168,18,0,135,1,Search
31960,19,0,169,1,Search
32310,10,0,155,1,Search
35687,10,0,96,1,Search
36513,10,0,184,1,Search
36513,10,0,295,1,Search
49143,10,0,183,1,Search
50143,10,0,103,1,Search
49082,8,0,120,1,Search
50507,8,0,113,1,Search
50265,6,0,70,1,Search
48646,6,0,107,1,Search
48609,6,0,93,1,Search
43915,6,0,70,1,Search
44196,6,0,200,1,Search
48658,6,0,150,1,Search
47181,6,0,99,1,Search
51485,6,0,84,1,Search
58929,7,0,213,1,Search
54242,7,0,54,1,Search
54130,6,0,52,1,Search
51295,6,0,49,1,Search
51281,4,0,57,1,Search
52394,2,0,226,1,Search
53262,2,0,71,1,Search
53524,2,0,45,1,Search
53865,2,0,94,1,Search
52399,2,0,156,1,Search
61777,3,0,209,1,Search
65176,4,0,74,1,Search
64602,4,0,194,1,Search
71689,3,0,69,1,Search
74417,4,0,206,1,Search
76186,4,0,191,1,Search
82121,4,0,354,1,Search
82275,5,0,274,1,Search
81002,5,0,256,1,Search
84373,6,0,280,1,Search
85610,8,0,290,1,Search
96316,8,0,262,1,Search
100984,8,0,294,1,Search
103462,8,0,196,1,Search
104830,8,0,228,1,Search
107320,8,0,104,1,Search
105893,8,0,87,1,Search
116923,8,0,141,1,Search
119849,10,0,86,1,Search
115078,10,0,90,1,Search
107648,9,0,159,1,Search
107731,9,0,74,1,Search
107852,11,0,79,1,Search
107885,12,0,156,1,Search
107885,12,0,92,1,Search
112469,12,0,66,1,Search
112001,12,0,88,1,Search
110750,12,0,51,1,Search
126605,12,0,141,1,Search
126423,13,0,31,1,Search
120995,12,0,45,1,Search
117257,11,0,24,1,Search
118425,11,0,143,1,Search
110417,11,0,96,1,Search
108582,12,0,145,1,Search
106725,12,0,23,1,Search
101560,12,0,49,1,Search
110360,11,0,3,1,Search
98995,11,0,108,1,Search
95025,10,0,34,1,Search
95668,8,0,14,1,Search
87700,8,0,24,1,Search
83357,8,0,1,1,Search
81405,8,0,26,1,Search
83049,11,0,129,1,Search
83473,11,0,159,1,Search
84186,11,0,116,1,Search
69905,11,0,78,1,Search
73021,9,0,52,1,Search
73019,10,0,34,1,Search
75493,11,0,105,1,Search
76468,11,0,143,1,Search
77791,9,0,180,1,Search
81618,8,0,26,1,Search
82495,8,0,68,1,Search
76215,8,0,60,1,Search
77759,10,0,140,1,Search
77762,10,0,88,1,Search
61019,10,0,174,1,Search
60282,9,0,163,1,Search
58624,9,0,117,1,Search
57439,9,0,101,1,Search
59709,9,0,147,1,Search
59085,9,0,150,1,Search
61574,9,0,62,1,Search
58304,9,0,131,1,Search
60460,9,0,122,1,Search
51506,9,0,98,1,Search
54271,9,0,153,1,Search
55559,11,0,100,1,Search
54100,11,0,46,1,Search
50482,12,0,80,1,Search
50646,12,0,213,1,Search
49441,12,0,80,1,Search
48424,9,0,155,1,Search
46872,9,0,310,1,Search
46276,9,0,206,1,Search
44899,9,0,131,1,Search
38571,10,0,248,1,Search
38682,9,0,167,1,Search
42201,8,0,159,1,Search
44731,8,0,167,1,Search
46108,8,0,150,1,Search
46721,8,0,266,1,Search
46942,8,0,346,1,Search
50601,9,0,239,1,Search
49910,9,0,147,1,Search
50496,9,0,286,1,Search
50642,9,0,166,1,Search
51773,9,0,246,1,Search
54171,9,0,320,1,Search
54807,9,0,332,1,Search
54789,9,0,304,1,Search
55204,9,0,400,1,Search
56953,7,0,351,1,Search
56629,7,0,174,1,Search
58791,10,0,140,1,Search
58791,10,0,138,1,Search
56896,11,0,306,1,Search
56786,11,0,67,1,Search
56256,11,0,99,1,Search
62363,10,0,157,1,Search
64527,10,0,50,1,Search
67824,10,0,80,1,Search
65986,17,0,109,1,Search
65009,18,0,58,1,Search
64888,18,0,40,1,Search
65602,20,0,58,1,Search
67208,19,0,94,1,Search
74359,19,0,41,1,Search
68924,19,0,95,1,Search
26216,7,0,1,2,Search
31472,7,0,35,2,Search
31472,7,0,0,2,Search
31472,7,0,1,2,Search
31988,7,0,18,2,Search
32751,7,0,19,2,Search
33117,7,0,9,2,Search
33121,8,0,0,2,Search
32921,6,0,12,2,Search
27246,6,0,0,2,Search
22113,6,0,8,2,Search
23600,6,0,0,2,Search
23656,6,0,7,2,Search
22985,6,0,3,2,Search
23001,6,0,1,2,Search
23237,6,0,3,2,Search
23239,6,0,2,2,Search
23239,6,0,6,2,Search
23237,6,1,101,2,Search
23237,6,1,26,2,Search
23996,6,1,1,2,Search
23504,6,1,9,2,Search
21654,6,1,2,2,Search
21656,6,1,0,2,Search
21591,5,1,1,2,Search
21591,5,1,4,2,Search
19986,1,1,1,2,Search
20924,1,1,7,2,Search
20781,1,1,39,2,Search
17817,1,1,12,2,Search
15998,1,1,3,2,Search
11102,2,1,0,2,Search
11102,2,1,0,2,Search
16512,2,1,6,2,Search
16137,2,1,8,2,Search
15377,3,1,5,2,Search
15022,3,1,26,2,Search
15018,2,1,4,2,Search
14070,2,1,1,2,Search
14339,2,1,13,2,Search
17534,2,1,3,2,Search
15488,2,1,122,2,Search
15428,2,1,20,2,Search
13533,2,1,62,2,Search
16650,2,1,3,2,Search
17725,2,1,20,2,Search
17723,2,1,12,2,Search
22312,2,1,2,2,Search
22312,2,0,0,2,Search
22319,2,0,3,2,Search
21560,2,0,0,2,Search
21572,2,0,11,2,Search
21572,2,0,0,2,Search
22414,2,0,3,2,Search
22537,2,0,8,2,Search
23238,2,0,8,2,Search
24927,2,0,12,2,Search
23575,2,0,27,2,Search
23571,2,0,2,2,Search
23578,2,0,0,2,Search
23581,2,0,11,2,Search
24775,1,0,1,2,Search
28849,1,0,10,2,Search
28193,1,0,1,2,Search
28261,1,0,1,2,Search
29798,0,0,9,2,Search
29787,0,0,3,2,Search
31790,0,0,29,2,Search
33155,0,0,34,2,Search
33925,2,0,5,2,Search
30815,2,0,2,2,Search
30815,4,0,4,2,Search
33571,4,0,7,2,Search
34483,4,0,2,2,Search
33079,4,0,3,2,Search
31769,4,0,5,2,Search
32301,5,0,9,2,Search
32975,5,0,1,2,Search
36216,5,0,9,2,Search
37619,7,1,7,2,Search
37622,7,1,4,2,Search
39456,7,1,75,2,Search
39456,7,1,5,2,Search
38612,7,1,0,2,Search
38480,7,1,0,2,Search
38978,7,1,9,2,Search
37136,9,1,16,2,Search
37847,9,1,0,2,Search
37984,9,1,89,2,Search
37428,9,1,14,2,Search
37434,9,1,37,2,Search
35881,9,1,40,2,Search
36050,11,1,9,2,Search
33451,11,1,4,2,Search
33362,11,1,17,2,Search
36882,13,3,3,2,Search
36882,13,3,88,2,Search
34879,13,3,76,2,Search
38959,13,3,5,2,Search
39338,14,3,25,2,Search
39253,14,3,1,2,Search
39253,12,3,18,2,Search
38071,12,3,12,2,Search
38273,13,3,75,2,Search
37355,13,3,23,2,Search
38731,13,3,63,2,Search
38320,12,3,38,2,Search
34167,12,3,7,2,Search
30972,12,3,83,2,Search
29562,10,2,12,2,Search
30265,10,2,53,2,Search
28419,10,2,95,2,Search
28920,10,2,46,2,Search
28923,10,2,12,2,Search
29385,10,2,16,2,Search
28965,10,2,28,2,Search
29256,8,2,20,2,Search
28795,8,2,30,2,Search
31138,8,2,151,2,Search
34374,8,2,78,2,Search
35200,8,2,142,2,Search
42588,9,2,140,2,Search
40949,8,2,26,2,Search
48044,14,2,64,2,Search
48920,14,2,189,2,Search
46035,12,0,233,2,Search
47036,12,0,172,2,Search
47036,12,0,136,2,Search
41652,14,0,127,2,Search
42745,14,3,105,2,Search
54450,14,3,51,2,Search
55015,14,3,209,2,Search
53990,14,3,69,2,Search
54299,14,3,146,2,Search
53488,14,3,202,2,Search
52322,14,3,122,2,Search
53530,14,3,59,2,Search
52809,20,3,176,2,Search
52764,20,3,116,2,Search
55186,21,3,45,2,Search
54570,22,3,77,2,Search
54570,22,3,90,2,Search
54070,22,3,22,2,Search
61077,22,3,58,2,Search
66620,22,3,80,2,Search
68147,22,3,183,2,Search
67503,26,3,73,2,Search
67693,26,3,212,2,Search
74233,26,3,207,2,Search
71001,26,3,98,2,Search
73426,26,3,90,2,Search
71492,25,3,115,2,Search
68888,24,3,81,2,Search
62386,18,3,277,2,Search
61741,28,3,101,2,Search
59566,28,3,144,2,Search
58893,28,3,70,2,Search
67875,28,3,78,2,Search
68109,26,3,88,2,Search
65802,23,0,101,2,Search
54101,23,0,171,2,Search
53917,26,0,214,2,Search
53393,26,0,71,2,Search
53743,25,0,48,2,Search
57882,27,0,44,2,Search
62140,27,0,42,2,Search
60811,27,0,33,2,Search
61734,21,0,105,2,Search
61862,21,0,116,2,Search
64509,20,0,68,2,Search
64419,19,0,91,2,Search
64725,20,0,53,2,Search
66029,20,0,90,2,Search
59041,20,0,166,2,Search
53036,20,0,91,2,Search
50991,20,0,96,2,Search
50308,17,0,38,2,Search
50428,18,0,59,2,Search
42549,18,0,50,2,Search
43823,21,0,96,2,Search
41548,21,0,21,2,Search
37983,21,0,40,2,Search
38000,21,0,25,2,Search
38065,21,0,141,2,Search
39554,11,0,25,2,Search
40025,12,0,49,2,Search
40727,12,0,91,2,Search
35796,12,0,37,2,Search
35652,12,1,145,2,Search
38585,13,1,84,2,Search
38585,13,1,93,2,Search
38794,10,1,64,2,Search
43089,10,1,24,2,Search
43105,10,1,26,2,Search
41277,8,1,64,2,Search
37131,11,1,142,2,Search
37261,11,1,120,2,Search
10609,5,0,187,3,Search
11393,6,0,133,3,Search
12295,6,0,253,3,Search
12295,6,0,146,3,Search
12295,6,0,135,3,Search
16063,6,0,164,3,Search
16413,6,0,182,3,Search
17149,7,0,181,3,Search
17158,7,0,0,3,Search
17825,7,0,18,3,Search
17587,8,0,105,3,Search
18184,8,0,29,3,Search
17293,11,0,46,3,Search
15068,11,0,34,3,Search
15852,11,0,67,3,Search
16150,11,0,44,3,Search
17893,11,0,55,3,Search
17893,11,0,116,3,Search
18596,10,0,94,3,Search
18335,10,0,93,3,Search
18335,10,0,42,3,Search
19092,10,0,31,3,Search
19313,10,0,8,3,Search
24755,10,0,24,3,Search
29543,10,0,66,3,Search
29543,9,0,122,3,Search
35987,9,0,49,3,Search
32993,9,0,37,3,Search
32965,7,0,38,3,Search
33572,13,0,27,3,Search
33228,14,0,39,3,Search
34746,13,0,33,3,Search
35157,13,0,75,3,Search
35166,13,0,66,3,Search
41080,13,0,74,3,Search
37958,13,0,72,3,Search
37720,13,0,50,3,Search
43992,14,0,100,3,Search
45163,14,0,89,3,Search
51515,15,0,68,3,Search
51515,14,0,50,3,Search
52259,16,0,41,3,Search
53760,13,0,67,3,Search
53598,13,0,70,3,Search
53728,18,1,111,3,Search
54055,18,1,131,3,Search
52312,18,1,59,3,Search
52751,18,1,38,3,Search
56711,18,1,89,3,Search
59872,18,1,70,3,Search
61590,18,1,75,3,Search
60833,18,1,65,3,Search
67315,18,1,88,3,Search
62243,18,1,123,3,Search
59555,18,1,139,3,Search
59604,18,1,181,3,Search
57286,18,1,218,3,Search
60752,18,1,133,3,Search
62465,17,1,72,3,Search
61858,11,1,157,3,Search
63095,10,1,65,3,Search
65363,10,1,176,3,Search
64070,10,1,117,3,Search
68197,10,1,123,3,Search
62283,11,1,86,3,Search
71723,13,1,111,3,Search
72618,13,1,115,3,Search
66481,12,1,135,3,Search
68014,12,1,26,3,Search
60784,11,1,117,3,Search
62197,11,1,126,3,Search
62020,9,1,47,3,Search
60222,9,1,45,3,Search
60399,9,1,71,3,Search
60212,4,0,162,3,Search
60330,7,0,83,3,Search
60958,9,0,45,3,Search
61436,9,0,111,3,Search
58159,9,0,88,3,Search
62677,9,0,64,3,Search
67995,9,0,68,3,Search
67998,9,0,61,3,Search
61399,9,0,60,3,Search
62099,9,0,88,3,Search
59999,9,0,77,3,Search
63948,10,0,55,3,Search
62692,10,0,79,3,Search
59815,10,0,92,3,Search
58140,10,0,94,3,Search
64750,10,0,8,3,Search
63513,10,0,236,3,Search
64186,10,0,130,3,Search
67026,10,0,132,3,Search
63369,10,0,162,3,Search
64485,9,0,50,3,Search
54399,7,0,127,3,Search
54413,7,0,137,3,Search
55427,6,0,172,3,Search
57494,6,0,87,3,Search
61557,6,0,128,3,Search
60561,6,0,128,3,Search
59657,6,0,131,3,Search
59657,6,0,68,3,Search
65678,7,0,61,3,Search
66291,8,0,179,3,Search
66051,5,0,102,3,Search
66476,3,0,64,3,Search
65798,6,0,81,3,Search
71900,6,0,17,3,Search
64740,7,0,71,3,Search
58374,7,0,179,3,Search
58371,7,0,111,3,Search
60589,7,0,73,3,Search
58018,11,0,52,3,Search
65249,11,0,75,3,Search
61257,10,0,146,3,Search
60795,10,0,67,3,Search
59668,10,0,141,3,Search
60760,10,0,91,3,Search
54647,12,0,96,3,Search
55249,13,0,93,3,Search
50006,13,0,38,3,Search
47603,14,0,186,3,Search
47936,16,0,62,3,Search
53365,16,0,207,3,Search
60573,17,0,396,3,Search
67027,19,2,605,3,Search
75585,19,2,526,3,Search
73503,19,2,269,3,Search
75026,19,2,369,3,Search
76715,19,2,418,3,Search
78066,20,2,730,3,Search
83882,20,2,656,3,Search
86039,19,2,731,3,Search
86434,20,2,521,3,Search
87378,20,2,448,3,Search
103954,20,2,430,3,Search
110050,17,2,957,3,Search
116038,20,2,571,3,Search
119736,21,3,588,3,Search
124718,22,3,348,3,Search
135956,22,3,265,3,Search
141184,23,3,301,3,Search
145280,21,3,358,3,Search
145641,21,3,275,3,Search
148493,22,3,449,3,Search
152592,25,3,430,3,Search
159367,27,3,268,3,Search
160886,27,3,440,3,Search
165779,26,3,210,3,Search
171050,26,3,384,3,Search
176354,28,3,417,3,Search
177413,27,3,805,3,Search
188098,27,3,929,3,Search
183269,27,3,797,3,Search
179267,29,3,541,3,Search
177153,27,1,289,3,Search
172367,29,1,268,3,Search
175517,30,1,858,3,Search
175354,30,1,612,3,Search
181100,32,1,724,3,Search
187168,33,1,660,3,Search
184647,33,1,719,3,Search
180856,33,1,252,3,Search
180624,31,1,401,3,Search
185130,32,1,446,3,Search
167693,32,1,658,3,Search
167854,32,1,563,3,Search
171458,31,1,1049,3,Search
186649,39,0,757,3,Search
192940,38,0,399,3,Search
190059,38,0,311,3,Search
183215,38,0,676,3,Search
190051,38,0,993,3,Search
193458,40,0,965,3,Search
194824,43,0,1077,3,Search
204512,40,0,808,3,Search
217471,39,0,473,3,Search
224820,40,0,536,3,Search
230389,40,0,693,3,Search
229787,42,0,517,3,Search
247610,41,0,794,3,Search
261818,41,0,790,3,Search
261575,40,0,884,3,Search
267541,44,0,377,3,Search
269202,43,0,644,3,Search
277873,47,0,867,3,Search
280198,45,0,771,3,Search
281300,46,0,581,3,Search
279241,46,0,741,3,Search
283994,53,0,826,3,Search
280658,51,0,712,3,Search
280334,51,0,516,3,Search
287384,52,0,639,3,Search
292589,53,0,715,3,Search
291533,52,0,934,3,Search
300258,54,1,1081,3,Search
11673,1,0,4,4,Search
11673,1,0,2,4,Search
11673,1,0,1,4,Search
11673,1,0,5,4,Search
11673,1,0,35,4,Search
11673,1,0,17,4,Search
12057,1,0,35,4,Search
12057,1,0,14,4,Search
12067,1,0,1,4,Search
10297,1,0,17,4,Search
10297,1,0,2,4,Search
4248,1,0,1,4,Search
4544,0,0,3,4,Search
4544,0,0,5,4,Search
4544,0,0,9,4,Search
4544,0,0,3,4,Search
4544,0,0,0,4,Search
4532,0,0,7,4,Search
4579,0,0,9,4,Search
6049,0,0,4,4,Search
6049,0,0,0,4,Search
5619,0,0,23,4,Search
5619,0,0,17,4,Search
5568,0,0,1,4,Search
5568,0,0,8,4,Search
5667,0,0,1,4,Search
5667,0,0,6,4,Search
5667,0,0,20,4,Search
5246,0,0,0,4,Search
5054,0,0,27,4,Search
5054,0,0,0,4,Search
5064,0,0,3,4,Search
5064,0,0,19,4,Search
6223,2,0,7,4,Search
6223,2,0,17,4,Search
6223,2,0,6,4,Search
6230,2,0,4,4,Search
6230,2,0,28,4,Search
6220,2,0,0,4,Search
5384,2,0,1,4,Search
5384,2,0,4,4,Search
5384,2,0,0,4,Search
5088,2,0,5,4,Search
5091,2,0,12,4,Search
5098,2,0,1,4,Search
5095,2,0,0,4,Search
5095,8,0,0,4,Search
5099,8,0,1,4,Search
5052,8,0,73,4,Search
3582,8,0,0,4,Search
3871,8,0,0,4,Search
3877,8,0,4,4,Search
4078,8,0,3,4,Search
3839,8,0,0,4,Search
5237,8,0,4,4,Search
3469,10,0,3,4,Search
3469,10,0,3,4,Search
3478,10,0,0,4,Search
3478,10,0,5,4,Search
4079,10,0,0,4,Search
4079,10,0,0,4,Search
4069,10,0,0,4,Search
4069,10,0,0,4,Search
6068,8,0,0,4,Search
6068,8,0,3,4,Search
6868,8,0,15,4,Search
6477,8,0,0,4,Search
6481,8,0,0,4,Search
6502,8,0,10,4,Search
6502,8,0,4,4,Search
6502,8,0,24,4,Search
6587,8,0,0,4,Search
6587,8,0,1,4,Search
6596,8,0,7,4,Search
6589,8,0,6,4,Search
9854,8,0,7,4,Search
9854,2,0,38,4,Search
9850,2,0,2,4,Search
9850,2,0,1,4,Search
9850,2,0,0,4,Search
9561,2,0,58,4,Search
9555,2,0,5,4,Search
9354,2,0,1,4,Search
9353,2,0,19,4,Search
12792,2,0,16,4,Search
12792,0,0,2,4,Search
12896,0,0,3,4,Search
12887,0,0,0,4,Search
14652,0,0,0,4,Search
14051,0,0,2,4,Search
14051,0,0,10,4,Search
14051,0,0,5,4,Search
14052,0,0,82,4,Search
13322,0,0,45,4,Search
13322,0,0,40,4,Search
12522,0,0,22,4,Search
12522,0,0,15,4,Search
12518,0,0,14,4,Search
12497,0,0,13,4,Search
12856,1,0,9,4,Search
12856,1,0,20,4,Search
12771,5,0,34,4,Search
12771,5,0,24,4,Search
12759,5,0,7,4,Search
12759,5,0,176,4,Search
9494,5,0,32,4,Search
9494,5,0,75,4,Search
13065,5,0,0,4,Search
18685,5,0,3,4,Search
18690,5,0,5,4,Search
18690,5,0,30,4,Search
19333,5,0,22,4,Search
19659,5,0,33,4,Search
19659,5,0,0,4,Search
14822,5,0,3,4,Search
14822,5,0,0,4,Search
14718,5,0,7,4,Search
14718,5,0,0,4,Search
14046,5,0,2,4,Search
18401,5,0,0,4,Search
18401,5,0,5,4,Search
20654,17,0,118,5,Search
20654,17,0,82,5,Search
21528,17,0,153,5,Search
21528,20,0,396,5,Search
20296,20,0,236,5,Search
17763,22,0,270,5,Search
20848,22,0,324,5,Search
20848,22,0,252,5,Search
20603,22,0,53,5,Search
17747,23,0,4,5,Search
15092,11,0,62,5,Search
15092,11,0,121,5,Search
16744,12,0,56,5,Search
19498,12,0,46,5,Search
19712,12,0,41,5,Search
19712,12,1,55,5,Search
21124,12,1,29,5,Search
21124,10,1,56,5,Search
21403,10,1,131,5,Search
22155,10,1,30,5,Search
22223,10,1,41,5,Search
19385,10,1,52,5,Search
28246,10,1,75,5,Search
31065,15,1,46,5,Search
32795,19,1,58,5,Search
32504,19,1,39,5,Search
33192,21,1,89,5,Search
32484,21,1,14,5,Search
38451,21,1,18,5,Search
36992,19,1,33,5,Search
44291,19,1,2,5,Search
46156,19,1,50,5,Search
45306,19,1,48,5,Search
45334,17,1,36,5,Search
44360,17,1,87,5,Search
48930,15,1,161,5,Search
45896,15,1,53,5,Search
49702,15,1,33,5,Search
50026,15,1,94,5,Search
50049,14,1,31,5,Search
50357,14,1,20,5,Search
51455,14,1,87,5,Search
49801,13,1,203,5,Search
45769,13,1,77,5,Search
45558,13,1,56,5,Search
45561,13,0,49,5,Search
44161,18,0,91,5,Search
46069,18,0,146,5,Search
45793,18,0,140,5,Search
45059,18,0,114,5,Search
46342,18,0,75,5,Search
45767,18,0,45,5,Search
37072,18,0,41,5,Search
34605,13,0,207,5,Search
37919,9,0,66,5,Search
40293,9,0,63,5,Search
40469,7,0,44,5,Search
40357,7,0,111,5,Search
35020,8,0,104,5,Search
36486,8,0,56,5,Search
28597,8,0,82,5,Search
26732,8,0,92,5,Search
26815,8,0,101,5,Search
26787,7,0,40,5,Search
26272,7,0,136,5,Search
22058,8,0,36,5,Search
22007,8,0,43,5,Search
23265,8,0,92,5,Search
25118,8,0,156,5,Search
25172,8,0,43,5,Search
25850,8,0,81,5,Search
25002,8,0,61,5,Search
26023,8,0,46,5,Search
26147,13,0,17,5,Search
26658,13,0,30,5,Search
28108,14,0,48,5,Search
28100,9,0,23,5,Search
26196,9,0,85,5,Search
31864,9,0,114,5,Search
34536,9,0,82,5,Search
33307,9,0,62,5,Search
37595,9,0,111,5,Search
37431,9,0,88,5,Search
38301,9,0,42,5,Search
35961,9,0,59,5,Search
33706,9,0,112,5,Search
35480,9,0,55,5,Search
43197,9,0,96,5,Search
42451,10,0,160,5,Search
40985,10,0,19,5,Search
40983,10,0,97,5,Search
41790,11,0,79,5,Search
41772,11,0,107,5,Search
41772,11,0,375,5,Search
41775,11,0,60,5,Search
41103,9,0,159,5,Search
42542,9,0,82,5,Search
42946,10,1,104,5,Search
40771,10,1,58,5,Search
41536,10,1,141,5,Search
40537,10,1,83,5,Search
40287,10,1,40,5,Search
46544,10,1,68,5,Search
46427,5,1,64,5,Search
46529,5,1,160,5,Search
47659,4,1,117,5,Search
47664,4,1,59,5,Search
47751,4,1,43,5,Search
44149,10,1,33,5,Search
41465,10,1,69,5,Search
41344,10,1,138,5,Search
36884,10,2,107,5,Search
38743,10,2,99,5,Search
37892,12,2,105,5,Search
36439,13,2,100,5,Search
43980,17,2,84,5,Search
41355,17,2,128,5,Search
33746,17,2,76,5,Search
34163,15,2,65,5,Search
37448,15,2,42,5,Search
38676,15,2,91,5,Search
38378,14,2,64,5,Search
38488,14,2,159,5,Search
38488,15,2,42,5,Search
38485,15,2,89,5,Search
38206,15,2,115,5,Search
36774,15,2,72,5,Search
31373,16,1,70,5,Search
31793,16,1,40,5,Search
32118,16,1,67,5,Search
35001,16,1,75,5,Search
35004,16,1,102,5,Search
28012,17,1,69,5,Search
28614,17,1,192,5,Search
28300,17,1,171,5,Search
29612,17,1,158,5,Search
29739,19,1,72,5,Search
29653,19,1,45,5,Search
28482,13,1,55,5,Search
28592,13,1,56,5,Search
28605,13,1,86,5,Search
28593,13,0,40,5,Search
27217,13,0,137,5,Search
27401,11,0,154,5,Search
26150,10,0,78,5,Search
20062,6,0,87,5,Search
19554,6,0,131,5,Search
19812,6,0,82,5,Search
20726,6,0,52,5,Search
17441,6,0,208,5,Search
17075,6,0,257,5,Search
16878,7,0,116,5,Search
19142,7,0,85,5,Search
20386,6,0,89,5,Search
21060,6,0,27,5,Search
23308,6,0,113,5,Search
23318,6,0,78,5,Search
23397,5,0,227,5,Search
30967,5,0,60,5,Search
30335,5,0,215,5,Search
27558,5,0,123,5,Search
27555,5,0,134,5,Search
27273,4,0,148,5,Search
27682,4,0,51,5,Search
38751,4,0,164,5,Search
35855,4,0,145,5,Search
35734,2,0,208,5,Search
35729,4,0,121,5,Search
36847,4,0,107,5,Search
40136,4,0,105,5,Search
40964,4,0,123,5,Search
53571,4,0,290,5,Search
54135,5,0,135,5,Search
53581,5,0,164,5,Search
56187,5,0,113,5,Search
54611,5,0,99,5,Search
54938,5,0,157,5,Search
54932,6,0,53,5,Search
53777,6,0,81,5,Search
55703,6,0,97,5,Search
54847,6,0,172,5,Search
55743,5,0,137,5,Search
53779,5,0,192,5,Search
52535,5,0,145,5,Search
52258,5,0,71,5,Search
50014,5,0,124,5,Search
56282,6,0,116,5,Search
56136,5,0,99,5,Search
48759,5,0,96,5,Search
49309,5,8,163,5,Search
49228,6,8,151,5,Search
50582,6,8,110,5,Search
54219,6,8,147,5,Search
53201,7,8,107,5,Search
42422,7,8,98,5,Search
42666,7,8,85,5,Search
46512,7,8,186,5,Search
85412,90,0,0,4,Social
99703,95,0,1,4,Social
111126,91,0,0,4,Social
125582,90,0,0,4,Social
144705,90,0,0,4,Social
150023,90,0,0,4,Social
157811,88,0,0,4,Social
162840,91,0,4,4,Social
166959,97,0,0,4,Social
172261,97,0,0,4,Social
175511,95,0,7,4,Social
178895,97,0,1,4,Social
180053,82,0,13,4,Social
179578,83,0,1,4,Social
182657,79,0,8,4,Social
186011,75,0,0,4,Social
201045,75,0,0,4,Social
218101,81,0,0,4,Social
235989,81,0,10,4,Social
252046,87,0,0,4,Social
263603,90,0,4,4,Social
274946,88,0,17,4,Social
291080,92,0,0,4,Social
313428,97,5,13,4,Social
334429,109,5,0,4,Social
355777,124,5,1,4,Social
372726,131,8,0,4,Social
387089,131,8,0,4,Social
396009,132,8,0,4,Social
404127,134,9,4,4,Social
409685,135,9,0,4,Social
419792,133,9,2,4,Social
418264,142,9,0,4,Social
413586,150,9,1,4,Social
422268,152,9,0,4,Social
439769,155,9,5,4,Social
454744,149,9,2,4,Social
452597,150,10,0,4,Social
459237,159,10,0,4,Social
456141,170,10,8,4,Social
462356,173,10,0,4,Social
460679,184,10,6,4,Social
460395,192,10,4,4,Social
462052,203,16,0,4,Social
458139,208,16,2,4,Social
452851,207,16,2,4,Social
436590,213,16,0,4,Social
417026,210,16,0,4,Social
399734,223,16,0,4,Social
383674,241,16,8,4,Social
371266,240,16,0,4,Social
357943,241,16,8,4,Social
339102,235,16,0,4,Social
314412,228,11,1,4,Social
297525,229,11,0,4,Social
272940,217,11,1,4,Social
256903,215,8,4,4,Social
240119,224,8,19,4,Social
223783,226,8,14,4,Social
204466,248,7,0,4,Social
188648,276,7,3,4,Social
165652,280,7,0,4,Social
156872,287,7,0,4,Social
148873,282,7,0,4,Social
121098,292,7,0,4,Social
98288,301,7,0,4,Social
77208,310,7,1,4,Social
74354,309,6,0,4,Social
63744,309,6,2,4,Social
62820,304,6,1,4,Social
55482,309,6,6,4,Social
54039,319,8,5,4,Social
52887,324,8,0,4,Social
47109,326,2,1,4,Social
46361,331,2,0,4,Social
47666,337,2,0,4,Social
45552,345,2,6,4,Social
45940,356,2,0,4,Social
43563,346,2,0,4,Social
42492,336,2,0,4,Social
41786,345,2,2,4,Social
41019,352,2,3,4,Social
45851,354,2,0,4,Social
44303,369,2,1,4,Social
38004,376,2,3,4,Social
39892,378,2,5,4,Social
38385,403,2,0,4,Social
38079,410,2,0,4,Social
37897,434,2,0,4,Social
38322,427,2,0,4,Social
36225,413,2,0,4,Social
35217,410,2,0,4,Social
34517,407,2,0,4,Social
36120,426,3,0,4,Social
36378,435,3,6,4,Social
36595,431,3,0,4,Social
35217,430,3,0,4,Social
36811,435,3,11,4,Social
38198,440,5,4,4,Social
38599,442,6,0,4,Social
37952,454,7,11,4,Social
41600,464,5,1,4,Social
42367,468,5,25,4,Social
45359,470,5,0,4,Social
49024,463,5,2,4,Social
49174,468,5,0,4,Social
51560,468,5,7,4,Social
53776,469,5,0,4,Social
63456,483,5,21,4,Social
62491,484,5,8,4,Social
63267,490,5,62,4,Social
64752,495,6,9,4,Social
59800,499,6,17,4,Social
57841,6,0,389,1,Programmatic Display
62071,6,0,139,1,Programmatic Display
60069,6,0,171,1,Programmatic Display
46362,6,0,244,1,Programmatic Display
50728,6,0,28,1,Programmatic Display
51666,6,0,18,1,Programmatic Display
54523,7,0,16,1,Programmatic Display
55999,7,0,29,1,Programmatic Display
55916,7,0,14,1,Programmatic Display
58050,5,0,8,1,Programmatic Display
57574,5,0,50,1,Programmatic Display
54203,4,0,72,1,Programmatic Display
52877,4,0,66,1,Programmatic Display
51662,6,0,24,1,Programmatic Display
52452,13,0,4,1,Programmatic Display
47079,14,0,9,1,Programmatic Display
57167,14,0,3,1,Programmatic Display
54834,14,0,12,1,Programmatic Display
55840,14,0,26,1,Programmatic Display
57280,14,0,5,1,Programmatic Display
59674,14,0,13,1,Programmatic Display
62319,15,0,22,1,Programmatic Display
64915,15,0,3,1,Programmatic Display
67107,21,0,8,1,Programmatic Display
59964,19,0,13,1,Programmatic Display
59432,21,0,9,1,Programmatic Display
60667,22,0,3,1,Programmatic Display
65627,22,0,0,1,Programmatic Display
65478,22,0,48,1,Programmatic Display
66417,22,0,0,1,Programmatic Display
66879,22,0,0,1,Programmatic Display
62222,22,0,2,1,Programmatic Display
65126,22,0,20,1,Programmatic Display
68951,22,0,11,1,Programmatic Display
64093,22,0,10,1,Programmatic Display
62519,25,0,22,1,Programmatic Display
60990,24,0,12,1,Programmatic Display
59644,24,0,6,1,Programmatic Display
61027,24,0,15,1,Programmatic Display
54188,24,0,3,1,Programmatic Display
61202,24,0,12,1,Programmatic Display
65067,24,0,7,1,Programmatic Display
67676,24,0,6,1,Programmatic Display
72632,22,0,13,1,Programmatic Display
71851,17,0,8,1,Programmatic Display
84090,16,0,12,1,Programmatic Display
74002,17,0,7,1,Programmatic Display
76993,18,0,11,1,Programmatic Display
75981,18,0,0,1,Programmatic Display
74618,18,0,6,1,Programmatic Display
75442,18,0,1,1,Programmatic Display
72797,17,0,0,1,Programmatic Display
68045,17,0,0,1,Programmatic Display
68003,11,0,7,1,Programmatic Display
68541,10,0,2,1,Programmatic Display
68800,10,0,39,1,Programmatic Display
67565,9,0,4,1,Programmatic Display
62605,9,0,0,1,Programmatic Display
62605,9,0,0,1,Programmatic Display
61539,9,0,0,1,Programmatic Display
62567,10,0,0,1,Programmatic Display
61919,10,0,12,1,Programmatic Display
57800,10,0,6,1,Programmatic Display
52684,10,0,0,1,Programmatic Display
52323,10,0,0,1,Programmatic Display
52063,7,0,0,1,Programmatic Display
50452,7,0,0,1,Programmatic Display
52819,7,0,1,1,Programmatic Display
50719,7,0,16,1,Programmatic Display
51019,9,0,0,1,Programmatic Display
47926,9,0,12,1,Programmatic Display
43247,9,0,5,1,Programmatic Display
40881,9,0,6,1,Programmatic Display
36332,9,0,2,1,Programmatic Display
44237,7,0,12,1,Programmatic Display
36718,7,0,10,1,Programmatic Display
36866,6,0,23,1,Programmatic Display
34814,5,0,5,1,Programmatic Display
34823,6,0,12,1,Programmatic Display
35562,6,0,5,1,Programmatic Display
43540,9,0,11,1,Programmatic Display
46503,12,0,10,1,Programmatic Display
46510,15,0,4,1,Programmatic Display
44571,15,0,20,1,Programmatic Display
54079,15,0,48,1,Programmatic Display
53820,14,0,2,1,Programmatic Display
60287,14,0,17,1,Programmatic Display
60557,14,0,16,1,Programmatic Display
62103,14,0,13,1,Programmatic Display
64348,14,0,0,1,Programmatic Display
65814,14,0,13,1,Programmatic Display
69415,14,0,15,1,Programmatic Display
70181,15,1,0,1,Programmatic Display
71229,15,1,1,1,Programmatic Display
71230,15,1,19,1,Programmatic Display
72257,15,1,2,1,Programmatic Display
73302,15,1,10,1,Programmatic Display
73576,16,1,9,1,Programmatic Display
75099,17,1,50,1,Programmatic Display
79111,15,1,21,1,Programmatic Display
76231,16,1,2,1,Programmatic Display
78228,18,1,10,1,Programmatic Display
78069,18,1,14,1,Programmatic Display
81848,19,1,2,1,Programmatic Display
75374,19,1,25,1,Programmatic Display
67988,19,1,79,1,Programmatic Display
75329,20,1,29,1,Programmatic Display
77379,22,1,44,1,Programmatic Display
77725,21,1,13,1,Programmatic Display
83124,21,1,25,1,Programmatic Display
77799,27,1,42,1,Programmatic Display
80715,29,1,53,1,Programmatic Display
379545,422,20,0,1,Social
383948,420,19,0,1,Social
391819,429,18,0,1,Social
396089,396,18,7,1,Social
404848,376,18,0,1,Social
419739,437,33,22,1,Social
429203,433,38,0,1,Social
437774,402,39,2,1,Social
443516,411,39,3,1,Social
446939,419,42,4,1,Social
448444,454,42,10,1,Social
436731,441,42,4,1,Social
428752,449,42,0,1,Social
430431,461,42,3,1,Social
435560,494,44,2,1,Social
434079,491,38,0,1,Social
428742,498,36,0,1,Social
424268,518,34,17,1,Social
427599,574,34,15,1,Social
426994,605,30,0,1,Social
428757,647,31,0,1,Social
422517,670,31,0,1,Social
418299,724,31,3,1,Social
419618,757,32,0,1,Social
416862,780,33,0,1,Social
411924,810,34,20,1,Social
407565,829,34,0,1,Social
399640,861,32,0,1,Social
396644,872,32,3,1,Social
388711,886,32,3,1,Social
383049,896,32,0,1,Social
382967,916,33,7,1,Social
380450,968,34,22,1,Social
391231,1032,36,4,1,Social
386810,1065,38,10,1,Social
384927,1050,33,0,1,Social
377636,1071,30,0,1,Social
380028,1098,29,0,1,Social
374604,1105,31,0,1,Social
372646,1115,28,4,1,Social
369465,1093,38,5,1,Social
377475,1122,42,14,1,Social
377617,1131,42,13,1,Social
384830,1133,42,1,1,Social
387487,1122,40,0,1,Social
383012,1139,40,0,1,Social
389804,1134,40,0,1,Social
387048,1103,42,0,1,Social
380710,1045,42,20,1,Social
379486,1034,42,6,1,Social
376198,1003,41,1,1,Social
376931,991,41,0,1,Social
373000,964,43,0,1,Social
368190,943,42,0,1,Social
363988,938,43,1,1,Social
375471,918,42,4,1,Social
372078,905,42,0,1,Social
369208,907,42,0,1,Social
365690,926,42,0,1,Social
371232,954,45,0,1,Social
376414,949,46,1,1,Social
371995,936,46,0,1,Social
365442,881,44,1,1,Social
366966,866,42,2,1,Social
368698,908,46,0,1,Social
365520,931,37,3,1,Social
373218,950,35,0,1,Social
377434,985,36,0,1,Social
386108,998,35,0,1,Social
393207,995,35,0,1,Social
393199,981,26,9,1,Social
399202,977,22,1,1,Social
400876,961,22,4,1,Social
397108,960,22,0,1,Social
390395,949,22,21,1,Social
401087,973,22,0,1,Social
404451,989,23,4,1,Social
403230,987,21,3,1,Social
411867,1017,23,0,1,Social
414361,996,23,3,1,Social
428319,1010,23,1,1,Social
432117,1013,24,28,1,Social
447601,1019,25,0,1,Social
455773,1030,25,3,1,Social
465626,1013,22,3,1,Social
458526,1031,22,0,1,Social
463713,1042,23,1,1,Social
472608,1015,23,1,1,Social
480112,1000,24,14,1,Social
474047,967,21,0,1,Social
467498,964,20,24,1,Social
477992,965,19,0,1,Social
476161,979,19,10,1,Social
460499,943,19,0,1,Social
449367,872,13,0,1,Social
432754,795,12,1,1,Social
431083,754,15,9,1,Social
425383,712,18,0,1,Social
423436,703,20,3,1,Social
420377,707,22,0,1,Social
418928,702,22,1,1,Social
412167,699,23,1,1,Social
416190,707,27,0,1,Social
410226,698,27,0,1,Social
412600,717,28,0,1,Social
399420,699,28,0,1,Social
390883,691,29,0,1,Social
386126,694,29,0,1,Social
382317,700,27,0,1,Social
379331,707,27,0,1,Social
370700,706,32,0,1,Social
372212,731,31,0,1,Social
43974,24,1,321,2,Programmatic Display
43282,24,1,248,2,Programmatic Display
43390,24,1,114,2,Programmatic Display
46530,20,0,205,2,Programmatic Display
47120,19,0,13,2,Programmatic Display
47218,19,0,30,2,Programmatic Display
63342,25,0,32,2,Programmatic Display
62790,27,0,73,2,Programmatic Display
75991,21,0,21,2,Programmatic Display
79639,22,0,107,2,Programmatic Display
76020,21,0,1,2,Programmatic Display
78711,23,0,2,2,Programmatic Display
82312,24,0,21,2,Programmatic Display
85078,26,0,10,2,Programmatic Display
86045,23,0,22,2,Programmatic Display
84934,23,0,35,2,Programmatic Display
88292,24,0,20,2,Programmatic Display
88785,24,0,11,2,Programmatic Display
81843,29,0,10,2,Programmatic Display
85515,29,0,14,2,Programmatic Display
88756,29,0,23,2,Programmatic Display
84315,29,0,40,2,Programmatic Display
86936,31,0,37,2,Programmatic Display
90556,33,0,39,2,Programmatic Display
95031,34,0,7,2,Programmatic Display
94478,33,0,26,2,Programmatic Display
94876,33,0,38,2,Programmatic Display
95878,33,0,0,2,Programmatic Display
97475,33,0,0,2,Programmatic Display
97475,34,0,0,2,Programmatic Display
97571,34,0,0,2,Programmatic Display
101672,34,0,8,2,Programmatic Display
100961,34,0,1,2,Programmatic Display
98818,35,0,8,2,Programmatic Display
99061,35,0,0,2,Programmatic Display
101093,35,0,8,2,Programmatic Display
85299,29,0,15,2,Programmatic Display
85673,27,0,0,2,Programmatic Display
73066,24,0,12,2,Programmatic Display
71443,23,0,23,2,Programmatic Display
71681,25,0,14,2,Programmatic Display
66416,22,0,7,2,Programmatic Display
66088,21,0,60,2,Programmatic Display
62562,19,0,18,2,Programmatic Display
62687,17,0,4,2,Programmatic Display
61701,17,0,24,2,Programmatic Display
60686,16,0,15,2,Programmatic Display
60281,16,0,13,2,Programmatic Display
58605,10,0,24,2,Programmatic Display
59066,10,0,2,2,Programmatic Display
56932,10,0,1,2,Programmatic Display
54653,10,0,0,2,Programmatic Display
52081,8,0,0,2,Programmatic Display
54442,6,0,0,2,Programmatic Display
50286,5,0,0,2,Programmatic Display
49347,5,0,0,2,Programmatic Display
48949,4,0,3,2,Programmatic Display
47947,4,0,0,2,Programmatic Display
46339,4,0,0,2,Programmatic Display
46342,3,0,0,2,Programmatic Display
47852,3,0,10,2,Programmatic Display
43915,4,0,0,2,Programmatic Display
42599,4,0,0,2,Programmatic Display
40233,3,0,30,2,Programmatic Display
35793,3,0,0,2,Programmatic Display
33561,3,0,0,2,Programmatic Display
32564,5,0,1,2,Programmatic Display
31766,5,0,4,2,Programmatic Display
33866,7,0,0,2,Programmatic Display
34045,7,0,0,2,Programmatic Display
32801,5,0,0,2,Programmatic Display
31350,5,0,9,2,Programmatic Display
27676,5,0,11,2,Programmatic Display
27482,5,0,13,2,Programmatic Display
26863,5,0,6,2,Programmatic Display
26432,5,0,0,2,Programmatic Display
24914,5,0,10,2,Programmatic Display
22956,6,0,24,2,Programmatic Display
28015,6,0,9,2,Programmatic Display
31853,6,0,4,2,Programmatic Display
36406,6,0,12,2,Programmatic Display
39248,6,0,34,2,Programmatic Display
39199,6,0,4,2,Programmatic Display
33088,6,0,0,2,Programmatic Display
33651,6,0,24,2,Programmatic Display
41819,7,0,3,2,Programmatic Display
43707,7,0,27,2,Programmatic Display
45663,7,0,8,2,Programmatic Display
47653,7,0,58,2,Programmatic Display
50271,10,0,1,2,Programmatic Display
61434,14,0,16,2,Programmatic Display
61589,13,0,15,2,Programmatic Display
62057,13,0,11,2,Programmatic Display
62057,13,0,10,2,Programmatic Display
62285,14,0,10,2,Programmatic Display
64306,14,0,47,2,Programmatic Display
68160,12,0,18,2,Programmatic Display
71187,12,0,7,2,Programmatic Display
68633,18,0,6,2,Programmatic Display
68470,19,0,6,2,Programmatic Display
70720,19,0,11,2,Programmatic Display
71396,19,0,40,2,Programmatic Display
72517,20,0,39,2,Programmatic Display
73763,20,0,14,2,Programmatic Display
75952,22,0,10,2,Programmatic Display
76134,22,0,19,2,Programmatic Display
75421,22,0,28,2,Programmatic Display
80358,21,0,1,2,Programmatic Display
78875,21,0,14,2,Programmatic Display
76855,21,0,51,2,Programmatic Display
75199,21,0,25,2,Programmatic Display
75198,21,0,3,2,Programmatic Display
1171,219,17,0,2,Social
1584,221,17,0,2,Social
1584,228,14,0,2,Social
1584,215,14,0,2,Social
1584,211,12,8,2,Social
2481,208,12,0,2,Social
4188,209,12,0,2,Social
4188,212,13,0,2,Social
4188,208,13,0,2,Social
4358,220,13,0,2,Social
4358,243,13,1,2,Social
3515,226,13,0,2,Social
4157,218,13,2,2,Social
4157,216,13,0,2,Social
4157,212,13,1,2,Social
4157,213,12,0,2,Social
4157,216,12,0,2,Social
4157,224,12,0,2,Social
4094,217,12,0,2,Social
4760,205,10,30,2,Social
4760,214,17,0,2,Social
4760,220,16,1,2,Social
4760,224,20,0,2,Social
4723,252,20,0,2,Social
6433,252,16,4,2,Social
6435,255,16,0,2,Social
6435,256,17,0,2,Social
6435,247,17,0,2,Social
6435,251,17,0,2,Social
6433,240,17,0,2,Social
6433,235,17,31,2,Social
6020,232,17,0,2,Social
8937,239,20,0,2,Social
9622,259,20,0,2,Social
11036,269,21,0,2,Social
11276,296,21,0,2,Social
9569,307,21,0,2,Social
9569,344,20,0,2,Social
11881,356,20,0,2,Social
14369,340,20,0,2,Social
14645,315,21,0,2,Social
14646,318,21,0,2,Social
14319,323,21,0,2,Social
14319,325,21,0,2,Social
14319,337,21,0,2,Social
14323,341,21,4,2,Social
14323,353,21,0,2,Social
14323,361,18,0,2,Social
14099,364,19,10,2,Social
13433,372,19,0,2,Social
13436,370,32,0,2,Social
13436,400,32,0,2,Social
13441,409,29,0,2,Social
13441,382,29,0,2,Social
11731,380,28,0,2,Social
12935,377,28,0,2,Social
13499,375,27,0,2,Social
13499,375,27,4,2,Social
17012,394,27,0,2,Social
17012,388,27,0,2,Social
17022,390,27,0,2,Social
17022,398,27,7,2,Social
14105,387,24,0,2,Social
13420,369,24,0,2,Social
12006,374,23,2,2,Social
10876,366,23,0,2,Social
10883,357,23,0,2,Social
11145,319,23,0,2,Social
8921,317,23,7,2,Social
6263,317,23,0,2,Social
5988,328,22,0,2,Social
5987,345,22,1,2,Social
5672,343,22,0,2,Social
5672,342,22,8,2,Social
5744,332,22,0,2,Social
6497,328,22,0,2,Social
6497,320,22,0,2,Social
6497,305,22,3,2,Social
6495,315,21,0,2,Social
6495,324,24,1,2,Social
6492,319,4,0,2,Social
6497,302,4,2,2,Social
6492,291,3,0,2,Social
6492,302,5,0,2,Social
6492,297,5,4,2,Social
5716,305,5,1,2,Social
5152,312,5,0,2,Social
5152,302,5,0,2,Social
1639,279,5,0,2,Social
1639,286,5,0,2,Social
1629,289,6,0,2,Social
1629,285,6,0,2,Social
1629,286,6,0,2,Social
1629,290,6,0,2,Social
1629,284,7,1,2,Social
1622,272,7,0,2,Social
2945,269,7,0,2,Social
2684,264,7,0,2,Social
3257,252,7,2,2,Social
3600,246,7,0,2,Social
5578,229,7,1,2,Social
5578,209,7,0,2,Social
5608,209,7,0,2,Social
6814,208,7,0,2,Social
8437,210,7,0,2,Social
7680,210,7,0,2,Social
7680,202,7,0,2,Social
7680,197,7,0,2,Social
7680,185,7,11,2,Social
8248,172,4,25,2,Social
8248,168,4,0,2,Social
8876,147,4,0,2,Social
94618,22,1,185,3,Programmatic Display
94610,22,1,111,3,Programmatic Display
88519,22,1,488,3,Programmatic Display
88120,22,1,233,3,Programmatic Display
75013,22,1,15,3,Programmatic Display
63072,21,1,3,3,Programmatic Display
66023,24,1,18,3,Programmatic Display
65717,22,1,31,3,Programmatic Display
60987,22,1,12,3,Programmatic Display
65468,22,1,8,3,Programmatic Display
65226,21,1,8,3,Programmatic Display
47484,18,1,13,3,Programmatic Display
45523,17,1,14,3,Programmatic Display
48857,17,1,49,3,Programmatic Display
42074,13,0,22,3,Programmatic Display
45428,11,0,30,3,Programmatic Display
44648,11,0,22,3,Programmatic Display
52442,13,0,13,3,Programmatic Display
52531,12,0,9,3,Programmatic Display
56701,12,0,38,3,Programmatic Display
60648,12,0,16,3,Programmatic Display
62189,12,0,9,3,Programmatic Display
64192,12,0,47,3,Programmatic Display
65289,12,0,47,3,Programmatic Display
69691,12,0,33,3,Programmatic Display
68046,14,0,22,3,Programmatic Display
69514,14,0,7,3,Programmatic Display
70139,14,0,5,3,Programmatic Display
70139,14,0,0,3,Programmatic Display
70060,12,0,0,3,Programmatic Display
69780,11,0,0,3,Programmatic Display
77025,11,0,12,3,Programmatic Display
75426,12,0,22,3,Programmatic Display
75423,13,0,1,3,Programmatic Display
80549,13,0,25,3,Programmatic Display
84207,13,0,5,3,Programmatic Display
81258,10,0,6,3,Programmatic Display
82795,9,0,0,3,Programmatic Display
91810,9,0,11,3,Programmatic Display
85706,10,0,10,3,Programmatic Display
85901,10,0,0,3,Programmatic Display
83323,10,0,5,3,Programmatic Display
88004,12,0,4,3,Programmatic Display
84031,12,0,10,3,Programmatic Display
83556,13,0,0,3,Programmatic Display
78865,14,0,6,3,Programmatic Display
82316,16,0,28,3,Programmatic Display
76115,14,0,4,3,Programmatic Display
78219,14,0,1,3,Programmatic Display
74046,14,0,11,3,Programmatic Display
70102,13,0,4,3,Programmatic Display
68566,13,0,4,3,Programmatic Display
66563,13,0,1,3,Programmatic Display
64691,13,0,13,3,Programmatic Display
52390,13,0,4,3,Programmatic Display
51754,11,0,0,3,Programmatic Display
50286,11,0,0,3,Programmatic Display
49662,13,0,0,3,Programmatic Display
49662,13,0,0,3,Programmatic Display
49007,13,0,5,3,Programmatic Display
48548,13,0,17,3,Programmatic Display
41303,13,0,0,3,Programmatic Display
39093,13,0,0,3,Programmatic Display
39104,12,0,5,3,Programmatic Display
33394,12,0,0,3,Programmatic Display
29653,12,0,0,3,Programmatic Display
29609,12,0,0,3,Programmatic Display
28059,12,0,5,3,Programmatic Display
19146,12,0,5,3,Programmatic Display
18616,11,0,16,3,Programmatic Display
15989,11,0,1,3,Programmatic Display
22329,11,0,17,3,Programmatic Display
20370,9,0,12,3,Programmatic Display
24584,10,0,17,3,Programmatic Display
26252,10,0,13,3,Programmatic Display
27130,9,0,10,3,Programmatic Display
22972,7,0,10,3,Programmatic Display
25087,7,0,15,3,Programmatic Display
23940,7,0,4,3,Programmatic Display
28872,7,0,19,3,Programmatic Display
28869,7,0,75,3,Programmatic Display
30463,7,0,21,3,Programmatic Display
33021,7,0,1,3,Programmatic Display
42907,8,0,19,3,Programmatic Display
43299,9,0,4,3,Programmatic Display
43170,9,0,14,3,Programmatic Display
43170,9,0,9,3,Programmatic Display
43164,7,0,26,3,Programmatic Display
50804,7,0,11,3,Programmatic Display
53884,9,0,10,3,Programmatic Display
53854,9,0,4,3,Programmatic Display
54145,9,0,9,3,Programmatic Display
54390,8,0,5,3,Programmatic Display
54474,8,0,8,3,Programmatic Display
58260,8,0,17,3,Programmatic Display
59889,8,0,10,3,Programmatic Display
69281,10,0,21,3,Programmatic Display
72658,10,0,20,3,Programmatic Display
76355,12,0,23,3,Programmatic Display
76592,12,0,10,3,Programmatic Display
78253,14,0,26,3,Programmatic Display
75051,14,0,16,3,Programmatic Display
76537,14,0,27,3,Programmatic Display
74506,15,0,5,3,Programmatic Display
74467,14,0,22,3,Programmatic Display
74107,13,0,10,3,Programmatic Display
80343,13,0,22,3,Programmatic Display
84901,13,0,29,3,Programmatic Display
85679,18,0,8,3,Programmatic Display
85071,18,0,24,3,Programmatic Display
89432,20,0,46,3,Programmatic Display
90396,21,0,12,3,Programmatic Display
150339,265,9,1,3,Social
155643,263,9,0,3,Social
159164,261,9,0,3,Social
166709,258,9,0,3,Social
180103,257,9,0,3,Social
187276,250,9,1,3,Social
194097,237,10,0,3,Social
199299,227,7,1,3,Social
197487,230,7,1,3,Social
196467,229,11,0,3,Social
184999,233,11,3,3,Social
175805,232,11,11,3,Social
157410,224,11,15,3,Social
154303,214,11,0,3,Social
150558,199,8,1,3,Social
142695,177,8,0,3,Social
140525,169,8,0,3,Social
138088,162,8,2,3,Social
135067,144,8,0,3,Social
136992,129,8,0,3,Social
130269,139,5,0,3,Social
127665,147,5,0,3,Social
122139,152,5,0,3,Social
116205,155,5,0,3,Social
111762,154,5,1,3,Social
103971,152,5,5,3,Social
96494,148,5,3,3,Social
91048,165,5,1,3,Social
86657,152,6,0,3,Social
81270,156,6,2,3,Social
73309,173,51,0,3,Social
68015,179,52,0,3,Social
64494,183,53,1,3,Social
56818,185,53,3,3,Social
43293,186,53,0,3,Social
36231,193,53,0,3,Social
29964,189,52,1,3,Social
24590,189,52,0,3,Social
22560,196,52,0,3,Social
19451,204,48,4,3,Social
17921,203,48,0,3,Social
20066,209,48,4,3,Social
20066,238,48,4,3,Social
20066,243,55,0,3,Social
19945,250,55,2,3,Social
19945,255,55,10,3,Social
19945,251,55,4,3,Social
19796,256,55,0,3,Social
19571,260,55,3,3,Social
11142,261,56,0,3,Social
12517,266,56,1,3,Social
12807,257,56,0,3,Social
12883,247,56,2,3,Social
14382,246,56,0,3,Social
14391,248,56,0,3,Social
17957,247,56,1,3,Social
17697,251,56,0,3,Social
17307,234,56,0,3,Social
18001,235,55,0,3,Social
16122,234,55,0,3,Social
16122,219,10,0,3,Social
16112,212,9,13,3,Social
19836,214,8,1,3,Social
26262,232,8,0,3,Social
26262,232,9,4,3,Social
25997,237,9,1,3,Social
25298,248,9,2,3,Social
25298,274,9,0,3,Social
23843,268,9,2,3,Social
21859,265,9,6,3,Social
22368,270,9,0,3,Social
19292,272,11,0,3,Social
19292,253,11,5,3,Social
19383,253,4,1,3,Social
19383,245,4,0,3,Social
19389,250,4,0,3,Social
20265,258,5,14,3,Social
19815,257,5,0,3,Social
19815,254,5,9,3,Social
19552,255,4,0,3,Social
17770,242,5,4,3,Social
17585,251,6,0,3,Social
18606,271,6,0,3,Social
17107,271,6,12,3,Social
17998,277,8,0,3,Social
14432,280,8,0,3,Social
14432,278,8,0,3,Social
21978,299,9,5,3,Social
23662,296,9,1,3,Social
23692,298,9,0,3,Social
25216,297,9,0,3,Social
25219,296,9,0,3,Social
23766,303,9,7,3,Social
17340,293,9,0,3,Social
17340,289,8,0,3,Social
17340,273,8,1,3,Social
17363,261,8,0,3,Social
17363,234,8,0,3,Social
17363,233,8,0,3,Social
17571,226,9,0,3,Social
17062,225,9,0,3,Social
17062,221,7,0,3,Social
17062,215,7,0,3,Social
19234,211,7,0,3,Social
19234,213,7,0,3,Social
20203,205,7,1,3,Social
19396,197,6,0,3,Social
19396,199,6,0,3,Social
19396,199,6,0,3,Social
19396,198,6,0,3,Social
19396,191,5,6,3,Social
19292,185,4,0,3,Social
65251,11,3,413,5,Programmatic Display
72999,15,3,327,5,Programmatic Display
74540,14,3,250,5,Programmatic Display
74545,14,3,262,5,Programmatic Display
79520,17,5,65,5,Programmatic Display
69429,17,5,13,5,Programmatic Display
67664,17,2,20,5,Programmatic Display
68311,20,2,13,5,Programmatic Display
65638,20,2,22,5,Programmatic Display
64372,24,2,26,5,Programmatic Display
75814,28,2,19,5,Programmatic Display
73734,27,2,28,5,Programmatic Display
71870,25,2,9,5,Programmatic Display
71990,25,2,22,5,Programmatic Display
68595,24,2,16,5,Programmatic Display
74408,28,2,44,5,Programmatic Display
88041,28,2,6,5,Programmatic Display
87988,28,2,43,5,Programmatic Display
92523,27,2,77,5,Programmatic Display
96356,27,2,16,5,Programmatic Display
94390,30,2,7,5,Programmatic Display
94567,30,2,17,5,Programmatic Display
97277,34,2,25,5,Programmatic Display
102353,34,2,20,5,Programmatic Display
101980,35,2,22,5,Programmatic Display
105439,35,2,11,5,Programmatic Display
108199,42,2,29,5,Programmatic Display
110155,41,2,17,5,Programmatic Display
110093,41,2,0,5,Programmatic Display
109902,41,2,0,5,Programmatic Display
111943,41,2,14,5,Programmatic Display
110677,39,2,11,5,Programmatic Display
109247,39,2,0,5,Programmatic Display
110682,39,2,10,5,Programmatic Display
107165,36,0,54,5,Programmatic Display
103046,36,0,15,5,Programmatic Display
108643,36,0,3,5,Programmatic Display
108099,33,0,6,5,Programmatic Display
104929,33,0,5,5,Programmatic Display
105560,29,0,34,5,Programmatic Display
102115,24,0,2,5,Programmatic Display
107671,23,0,2,5,Programmatic Display
116970,23,0,4,5,Programmatic Display
108875,24,0,2,5,Programmatic Display
107504,24,0,13,5,Programmatic Display
101497,22,0,4,5,Programmatic Display
90915,22,0,19,5,Programmatic Display
101153,22,0,27,5,Programmatic Display
94851,23,0,0,5,Programmatic Display
90660,23,0,2,5,Programmatic Display
91337,19,0,1,5,Programmatic Display
93846,19,0,25,5,Programmatic Display
91153,22,0,0,5,Programmatic Display
86146,22,0,0,5,Programmatic Display
90801,21,0,0,5,Programmatic Display
89874,21,0,0,5,Programmatic Display
87114,14,0,12,5,Programmatic Display
85163,14,0,14,5,Programmatic Display
88676,14,0,0,5,Programmatic Display
88676,14,0,0,5,Programmatic Display
90426,14,0,0,5,Programmatic Display
91896,12,0,19,5,Programmatic Display
89712,12,0,1,5,Programmatic Display
87950,12,0,0,5,Programmatic Display
82804,12,0,0,5,Programmatic Display
82548,12,0,0,5,Programmatic Display
75668,12,0,0,5,Programmatic Display
75218,12,0,1,5,Programmatic Display
76258,11,0,0,5,Programmatic Display
76209,11,0,0,5,Programmatic Display
69499,11,0,8,5,Programmatic Display
62456,11,0,5,5,Programmatic Display
56124,11,0,20,5,Programmatic Display
55704,10,0,2,5,Programmatic Display
56020,11,0,8,5,Programmatic Display
54278,9,0,0,5,Programmatic Display
49854,9,0,3,5,Programmatic Display
38399,9,0,6,5,Programmatic Display
38527,9,0,5,5,Programmatic Display
41232,9,0,9,5,Programmatic Display
41874,9,0,32,5,Programmatic Display
40481,9,0,3,5,Programmatic Display
43840,2,0,25,5,Programmatic Display
43806,3,0,67,5,Programmatic Display
43829,3,0,4,5,Programmatic Display
43010,3,0,73,5,Programmatic Display
54872,3,0,2,5,Programmatic Display
54922,4,0,6,5,Programmatic Display
51793,4,0,5,5,Programmatic Display
55851,5,0,3,5,Programmatic Display
55896,7,0,5,5,Programmatic Display
51233,7,0,18,5,Programmatic Display
51762,11,0,4,5,Programmatic Display
55481,13,0,14,5,Programmatic Display
55481,13,0,8,5,Programmatic Display
55492,13,0,45,5,Programmatic Display
56546,13,0,53,5,Programmatic Display
60500,13,0,27,5,Programmatic Display
60103,13,0,7,5,Programmatic Display
61386,13,0,41,5,Programmatic Display
62749,14,0,8,5,Programmatic Display
62915,15,0,6,5,Programmatic Display
59708,15,0,27,5,Programmatic Display
60692,15,0,24,5,Programmatic Display
61685,14,0,40,5,Programmatic Display
66495,14,0,21,5,Programmatic Display
69223,14,0,40,5,Programmatic Display
70209,14,0,27,5,Programmatic Display
70726,13,0,39,5,Programmatic Display
69214,13,0,4,5,Programmatic Display
75472,24,0,10,5,Programmatic Display
77183,25,0,24,5,Programmatic Display
35487,197,14,0,5,Social
36845,210,14,0,5,Social
36909,210,15,0,5,Social
36926,209,15,0,5,Social
40975,207,13,6,5,Social
43162,213,13,3,5,Social
45281,213,14,8,5,Social
46019,220,17,0,5,Social
46069,224,17,0,5,Social
46027,222,17,0,5,Social
44539,219,10,3,5,Social
39997,215,10,1,5,Social
38378,217,10,0,5,Social
37620,215,10,0,5,Social
36700,220,10,0,5,Social
35274,218,9,4,5,Social
34419,224,9,0,5,Social
31529,220,9,0,5,Social
29040,220,9,5,5,Social
27517,219,11,8,5,Social
26531,220,11,0,5,Social
25896,214,11,0,5,Social
26952,217,11,3,5,Social
25219,198,11,0,5,Social
26486,190,11,2,5,Social
25262,187,10,0,5,Social
24028,185,9,0,5,Social
21946,182,9,3,5,Social
21385,180,9,0,5,Social
19861,183,9,2,5,Social
18844,185,9,0,5,Social
17489,173,13,0,5,Social
17425,190,13,2,5,Social
17408,194,13,2,5,Social
13359,190,13,2,5,Social
11172,193,18,14,5,Social
9053,193,17,4,5,Social
10800,190,13,0,5,Social
10762,203,15,0,5,Social
11230,211,15,0,5,Social
15513,214,15,0,5,Social
15588,216,15,0,5,Social
15588,215,15,0,5,Social
15588,217,15,0,5,Social
15600,220,15,4,5,Social
15778,225,15,0,5,Social
15691,221,15,0,5,Social
18917,214,19,2,5,Social
20797,211,19,1,5,Social
21746,202,16,4,5,Social
23578,196,16,2,5,Social
22636,201,16,3,5,Social
21902,204,17,0,5,Social
22484,217,17,0,5,Social
20459,235,17,3,5,Social
19739,236,17,0,5,Social
19739,230,17,35,5,Social
19745,246,17,0,5,Social
18664,246,17,0,5,Social
18664,246,17,0,5,Social
18637,259,17,4,5,Social
18657,261,13,3,5,Social
18657,242,12,6,5,Social
18657,238,12,0,5,Social
18657,248,12,0,5,Social
22569,251,8,4,5,Social
22569,263,8,6,5,Social
20084,263,8,40,5,Social
22226,255,6,0,5,Social
21954,264,6,0,5,Social
17677,266,6,8,5,Social
17602,270,6,2,5,Social
27508,291,6,2,5,Social
27508,290,7,1,5,Social
27496,280,7,4,5,Social
28329,276,7,1,5,Social
28329,282,8,0,5,Social
24703,289,4,0,5,Social
22823,301,6,0,5,Social
21266,311,6,0,5,Social
19434,329,6,4,5,Social
19465,333,6,0,5,Social
17895,334,5,0,5,Social
17313,326,5,8,5,Social
17313,317,5,0,5,Social
17757,316,5,0,5,Social
23316,317,5,7,5,Social
24083,299,5,0,5,Social
24083,299,5,0,5,Social
24228,297,5,0,5,Social
24228,286,5,1,5,Social
28458,285,5,0,5,Social
28458,298,5,3,5,Social
28458,308,6,11,5,Social
28722,299,6,0,5,Social
24810,284,5,0,5,Social
24810,266,5,0,5,Social
24810,255,5,0,5,Social
22595,244,5,20,5,Social
22399,226,5,1,5,Social
22393,217,5,0,5,Social
22393,211,5,0,5,Social
12487,188,5,0,5,Social
17259,186,4,0,5,Social
17259,187,4,0,5,Social
16248,185,4,4,5,Social
16248,172,3,0,5,Social
16248,158,3,0,5,Social
16249,148,1,0,5,Social
16249,138,1,0,5,Social
16249,120,1,0,5,Social
16218,110,1,0,5,Social
